Time,Driver,DriverNumber,LapTime,LapNumber,Stint,PitOutTime,PitInTime,Sector1Time,Sector2Time,Sector3Time,Sector1SessionTime,Sector2SessionTime,Sector3SessionTime,SpeedI1,SpeedI2,SpeedFL,SpeedST,IsPersonalBest,Compound,TyreLife,FreshTyre,Team,LapStartTime,LapStartDate,TrackStatus,Position,Deleted,DeletedReason,FastF1Generated,IsAccurate,Session
0 days 00:18:56.639000,ANT,12,,1.0,1.0,0 days 00:17:16.403000,,,0 days 00:00:44.711000,0 days 00:00:20.281000,,0 days 00:18:36.391000,0 days 00:18:56.955000,259.0,262.0,259.0,250.0,False,SOFT,1.0,True,Mercedes,0 days 00:17:16.403000,,1,,,,False,False,Q
0 days 00:20:26.674000,ANT,12,0 days 00:01:30.035000,2.0,1.0,,,0 days 00:00:32.388000,0 days 00:00:39.930000,0 days 00:00:17.717000,0 days 00:19:29.027000,0 days 00:20:08.957000,0 days 00:20:26.674000,280.0,326.0,265.0,280.0,True,SOFT,2.0,True,Mercedes,0 days 00:18:56.639000,,1,,,,False,True,Q
0 days 00:22:22.980000,ANT,12,0 days 00:01:56.306000,3.0,1.0,,0 days 00:22:20.013000,0 days 00:00:42.150000,0 days 00:00:48.389000,0 days 00:00:25.767000,0 days 00:21:08.824000,0 days 00:21:57.213000,0 days 00:22:22.980000,148.0,284.0,,222.0,False,SOFT,3.0,True,Mercedes,0 days 00:20:26.674000,,1,,,,False,False,Q
0 days 00:38:15.372000,ANT,12,,4.0,2.0,0 days 00:36:36.271000,,,0 days 00:00:43.804000,0 days 00:00:20.719000,,0 days 00:37:54.711000,0 days 00:38:15.372000,258.0,250.0,258.0,251.0,False,SOFT,4.0,False,Mercedes,0 days 00:22:22.980000,,1,,,,False,False,Q
0 days 00:39:45.146000,ANT,12,0 days 00:01:29.774000,5.0,2.0,,,0 days 00:00:32.351000,0 days 00:00:39.788000,0 days 00:00:17.635000,0 days 00:38:47.723000,0 days 00:39:27.511000,0 days 00:39:45.146000,279.0,325.0,263.0,281.0,True,SOFT,5.0,False,Mercedes,0 days 00:38:15.372000,,1,,,,False,True,Q
0 days 00:41:32.918000,ANT,12,0 days 00:01:47.772000,6.0,2.0,,0 days 00:41:31.619000,0 days 00:00:42.576000,0 days 00:00:43.487000,0 days 00:00:21.709000,0 days 00:40:27.722000,0 days 00:41:11.209000,0 days 00:41:32.918000,268.0,282.0,,269.0,False,SOFT,6.0,False,Mercedes,0 days 00:39:45.146000,,1,,,,False,False,Q
0 days 00:50:27.624000,ANT,12,,7.0,3.0,0 days 00:48:27.717000,,,0 days 00:00:48.662000,0 days 00:00:23.169000,,0 days 00:50:04.493000,0 days 00:50:27.927000,259.0,273.0,248.0,265.0,False,SOFT,1.0,True,Mercedes,0 days 00:41:32.918000,,1,,,,False,False,Q
0 days 00:51:56.672000,ANT,12,0 days 00:01:29.048000,8.0,3.0,,,0 days 00:00:32.178000,0 days 00:00:39.398000,0 days 00:00:17.472000,0 days 00:50:59.802000,0 days 00:51:39.200000,0 days 00:51:56.672000,280.0,328.0,265.0,282.0,True,SOFT,2.0,True,Mercedes,0 days 00:50:27.624000,,1,,,,False,True,Q
0 days 00:53:48.895000,ANT,12,0 days 00:01:52.223000,9.0,3.0,,0 days 00:53:47.563000,0 days 00:00:40.596000,0 days 00:00:45.482000,0 days 00:00:26.145000,0 days 00:52:37.268000,0 days 00:53:22.750000,0 days 00:53:48.895000,255.0,285.0,,215.0,False,SOFT,3.0,True,Mercedes,0 days 00:51:56.672000,,1,,,,False,False,Q
0 days 01:00:33.522000,ANT,12,,10.0,4.0,0 days 00:58:55.524000,,,0 days 00:00:43.372000,0 days 00:00:20.478000,,0 days 01:00:13.064000,0 days 01:00:33.773000,257.0,266.0,256.0,257.0,False,SOFT,1.0,True,Mercedes,0 days 00:53:48.895000,,1,,,,False,False,Q
0 days 01:02:02.300000,ANT,12,0 days 00:01:28.778000,11.0,4.0,,,0 days 00:00:31.855000,0 days 00:00:39.439000,0 days 00:00:17.484000,0 days 01:01:05.377000,0 days 01:01:44.816000,0 days 01:02:02.300000,280.0,328.0,267.0,282.0,True,SOFT,2.0,True,Mercedes,0 days 01:00:33.522000,,1,,,,False,True,Q
0 days 01:03:47.979000,ANT,12,0 days 00:01:45.679000,12.0,4.0,,0 days 01:03:46.587000,0 days 00:00:39.973000,0 days 00:00:43.525000,0 days 00:00:22.181000,0 days 01:02:42.273000,0 days 01:03:25.798000,0 days 01:03:47.979000,264.0,284.0,,269.0,False,SOFT,3.0,True,Mercedes,0 days 01:02:02.300000,,1,,,,False,False,Q
0 days 01:09:30.558000,ANT,12,,13.0,5.0,0 days 01:07:53.436000,,,0 days 00:00:43.496000,0 days 00:00:20.153000,,0 days 01:09:10.405000,0 days 01:09:30.766000,259.0,263.0,261.0,252.0,False,SOFT,1.0,True,Mercedes,0 days 01:03:47.979000,,1,,,,False,False,Q
0 days 01:10:59.397000,ANT,12,0 days 00:01:28.839000,14.0,5.0,,,0 days 00:00:31.827000,0 days 00:00:39.548000,0 days 00:00:17.464000,0 days 01:10:02.385000,0 days 01:10:41.933000,0 days 01:10:59.397000,280.0,328.0,265.0,282.0,False,SOFT,2.0,True,Mercedes,0 days 01:09:30.558000,,1,,,,False,True,Q
0 days 01:12:55.859000,ANT,12,0 days 00:01:56.462000,15.0,5.0,,0 days 01:12:53.144000,0 days 00:00:40.038000,0 days 00:00:45.332000,0 days 00:00:31.092000,0 days 01:11:39.435000,0 days 01:12:24.767000,0 days 01:12:55.859000,261.0,227.0,,184.0,False,SOFT,3.0,True,Mercedes,0 days 01:10:59.397000,,1,,,,False,False,Q
0 days 00:19:16.211000,RUS,63,,1.0,1.0,0 days 00:17:32.287000,,,0 days 00:00:45.084000,0 days 00:00:20.846000,,0 days 00:18:55.365000,0 days 00:19:16.430000,259.0,252.0,249.0,251.0,False,SOFT,1.0,True,Mercedes,0 days 00:17:32.287000,,1,,,,False,False,Q
0 days 00:20:46.842000,RUS,63,0 days 00:01:30.631000,2.0,1.0,,,0 days 00:00:32.723000,0 days 00:00:40.067000,0 days 00:00:17.841000,0 days 00:19:48.934000,0 days 00:20:29.001000,0 days 00:20:46.842000,277.0,327.0,256.0,282.0,True,SOFT,2.0,True,Mercedes,0 days 00:19:16.211000,,1,,,,False,True,Q
0 days 00:22:47.059000,RUS,63,0 days 00:02:00.217000,3.0,1.0,,0 days 00:22:45.718000,0 days 00:00:44.557000,0 days 00:00:51.323000,0 days 00:00:24.337000,0 days 00:21:31.399000,0 days 00:22:22.722000,0 days 00:22:47.059000,260.0,274.0,,261.0,False,SOFT,3.0,True,Mercedes,0 days 00:20:46.842000,,1,,,,False,False,Q
0 days 00:26:24.837000,RUS,63,,4.0,2.0,0 days 00:24:40.334000,,,0 days 00:00:44.377000,0 days 00:00:21.248000,,0 days 00:26:03.589000,0 days 00:26:25.100000,251.0,249.0,247.0,249.0,False,SOFT,4.0,False,Mercedes,0 days 00:22:47.059000,,1,,,,False,False,Q
0 days 00:27:54.804000,RUS,63,0 days 00:01:29.967000,5.0,2.0,,,0 days 00:00:32.443000,0 days 00:00:39.791000,0 days 00:00:17.733000,0 days 00:26:57.280000,0 days 00:27:37.071000,0 days 00:27:54.804000,279.0,326.0,256.0,281.0,True,SOFT,5.0,False,Mercedes,0 days 00:26:24.837000,,1,,,,False,True,Q
0 days 00:29:54.484000,RUS,63,0 days 00:01:59.680000,6.0,2.0,,0 days 00:29:53.049000,0 days 00:00:46.872000,0 days 00:00:47.528000,0 days 00:00:25.280000,0 days 00:28:41.676000,0 days 00:29:29.204000,0 days 00:29:54.484000,132.0,278.0,,229.0,False,SOFT,6.0,False,Mercedes,0 days 00:27:54.804000,,1,,,,False,False,Q
0 days 00:38:23.070000,RUS,63,,7.0,3.0,0 days 00:36:41.730000,,,0 days 00:00:44.004000,0 days 00:00:20.165000,,0 days 00:38:03.056000,0 days 00:38:23.070000,251.0,249.0,245.0,250.0,False,SOFT,7.0,False,Mercedes,0 days 00:29:54.484000,,1,,,,False,False,Q
0 days 00:39:53.187000,RUS,63,0 days 00:01:30.117000,8.0,3.0,,,0 days 00:00:32.446000,0 days 00:00:39.859000,0 days 00:00:17.812000,0 days 00:38:55.516000,0 days 00:39:35.375000,0 days 00:39:53.187000,279.0,327.0,255.0,282.0,True,SOFT,8.0,False,Mercedes,0 days 00:38:23.070000,,1,,,,False,True,Q
0 days 00:41:45.853000,RUS,63,0 days 00:01:52.666000,9.0,3.0,,0 days 00:41:44.491000,0 days 00:00:41.997000,0 days 00:00:47.108000,0 days 00:00:23.561000,0 days 00:40:35.184000,0 days 00:41:22.292000,0 days 00:41:45.853000,165.0,278.0,,265.0,False,SOFT,9.0,False,Mercedes,0 days 00:39:53.187000,,1,,,,False,False,Q
0 days 00:45:10.501000,RUS,63,,10.0,4.0,0 days 00:43:31.793000,,,0 days 00:00:44.259000,0 days 00:00:20.204000,,0 days 00:44:50.328000,0 days 00:45:10.802000,254.0,249.0,249.0,250.0,False,SOFT,1.0,True,Mercedes,0 days 00:41:45.853000,,1,,,,False,False,Q
0 days 00:46:40.268000,RUS,63,0 days 00:01:29.767000,11.0,4.0,,,0 days 00:00:32.165000,0 days 00:00:39.769000,0 days 00:00:17.833000,0 days 00:45:42.666000,0 days 00:46:22.435000,0 days 00:46:40.268000,281.0,325.0,255.0,280.0,True,SOFT,2.0,True,Mercedes,0 days 00:45:10.501000,,1,,,,False,True,Q
0 days 00:48:45.158000,RUS,63,0 days 00:02:04.890000,12.0,4.0,,,0 days 00:00:47.780000,0 days 00:00:52.771000,0 days 00:00:24.339000,0 days 00:47:28.048000,0 days 00:48:20.819000,0 days 00:48:45.158000,259.0,287.0,106.0,229.0,False,SOFT,3.0,True,Mercedes,0 days 00:46:40.268000,,1,,,,False,True,Q
0 days 00:50:46.734000,RUS,63,0 days 00:02:01.576000,13.0,4.0,,,0 days 00:00:49.785000,0 days 00:00:52.237000,0 days 00:00:19.554000,0 days 00:49:34.943000,0 days 00:50:27.180000,0 days 00:50:46.734000,262.0,275.0,250.0,267.0,False,SOFT,4.0,True,Mercedes,0 days 00:48:45.158000,,1,,,,False,True,Q
0 days 00:52:16.420000,RUS,63,0 days 00:01:29.686000,14.0,4.0,,,0 days 00:00:32.264000,0 days 00:00:39.715000,0 days 00:00:17.707000,0 days 00:51:18.998000,0 days 00:51:58.713000,0 days 00:52:16.420000,278.0,329.0,257.0,281.0,True,SOFT,5.0,True,Mercedes,0 days 00:50:46.734000,,1,,,,False,True,Q
0 days 00:54:01.584000,RUS,63,0 days 00:01:45.164000,15.0,4.0,,0 days 00:54:00.240000,0 days 00:00:37.646000,0 days 00:00:44.568000,0 days 00:00:22.950000,0 days 00:52:54.066000,0 days 00:53:38.634000,0 days 00:54:01.584000,264.0,279.0,,265.0,False,SOFT,6.0,True,Mercedes,0 days 00:52:16.420000,,1,,,,False,False,Q
0 days 01:00:39.612000,RUS,63,,16.0,5.0,0 days 00:59:01.890000,,,0 days 00:00:43.881000,0 days 00:00:20.005000,,0 days 01:00:19.707000,0 days 01:00:39.695000,250.0,252.0,250.0,251.0,False,SOFT,1.0,True,Mercedes,0 days 00:54:01.584000,,1,,,,False,False,Q
0 days 01:02:08.688000,RUS,63,0 days 00:01:29.076000,17.0,5.0,,,0 days 00:00:31.853000,0 days 00:00:39.607000,0 days 00:00:17.616000,0 days 01:01:11.465000,0 days 01:01:51.072000,0 days 01:02:08.688000,278.0,328.0,260.0,282.0,True,SOFT,2.0,True,Mercedes,0 days 01:00:39.612000,,1,,,,False,True,Q
0 days 01:03:57.644000,RUS,63,0 days 00:01:48.956000,18.0,5.0,,0 days 01:03:56.309000,0 days 00:00:40.876000,0 days 00:00:44.895000,0 days 00:00:23.185000,0 days 01:02:49.564000,0 days 01:03:34.459000,0 days 01:03:57.644000,266.0,280.0,,266.0,False,SOFT,3.0,True,Mercedes,0 days 01:02:08.688000,,1,,,,False,False,Q
0 days 01:09:37.246000,RUS,63,,19.0,6.0,0 days 01:07:58.507000,,,0 days 00:00:43.456000,0 days 00:00:20.458000,,0 days 01:09:16.822000,0 days 01:09:37.467000,251.0,251.0,252.0,250.0,False,SOFT,1.0,True,Mercedes,0 days 01:03:57.644000,,1,,,,False,False,Q
0 days 01:11:06.441000,RUS,63,0 days 00:01:29.195000,20.0,6.0,,,0 days 00:00:31.782000,0 days 00:00:39.643000,0 days 00:00:17.770000,0 days 01:10:09.028000,0 days 01:10:48.671000,0 days 01:11:06.441000,278.0,324.0,259.0,281.0,False,SOFT,2.0,True,Mercedes,0 days 01:09:37.246000,,1,,,,False,True,Q
0 days 01:13:13.798000,RUS,63,0 days 00:02:07.357000,21.0,6.0,,0 days 01:13:11.614000,0 days 00:00:47.089000,0 days 00:00:51.410000,0 days 00:00:28.858000,0 days 01:11:53.530000,0 days 01:12:44.940000,0 days 01:13:13.798000,218.0,241.0,,208.0,False,SOFT,3.0,True,Mercedes,0 days 01:11:06.441000,,1,,,,False,False,Q
0 days 00:16:26.034000,PIA,81,,1.0,1.0,0 days 00:14:42.634000,,,0 days 00:00:45.516000,0 days 00:00:20.191000,,0 days 00:16:05.911000,0 days 00:16:26.334000,260.0,252.0,261.0,254.0,False,SOFT,1.0,True,McLaren,0 days 00:14:42.634000,,1,,,,False,False,Q
0 days 00:17:56.472000,PIA,81,0 days 00:01:30.438000,2.0,1.0,,,0 days 00:00:32.546000,0 days 00:00:40.030000,0 days 00:00:17.862000,0 days 00:16:58.580000,0 days 00:17:38.610000,0 days 00:17:56.472000,276.0,323.0,260.0,281.0,True,SOFT,2.0,True,McLaren,0 days 00:16:26.034000,,1,,,,False,True,Q
0 days 00:19:58.970000,PIA,81,0 days 00:02:02.498000,3.0,1.0,,,0 days 00:00:49.063000,0 days 00:00:52.799000,0 days 00:00:20.636000,0 days 00:18:45.535000,0 days 00:19:38.334000,0 days 00:19:58.970000,219.0,242.0,264.0,236.0,False,SOFT,3.0,True,McLaren,0 days 00:17:56.472000,,1,,,,False,True,Q
0 days 00:21:29.294000,PIA,81,0 days 00:01:30.324000,4.0,1.0,,,0 days 00:00:32.578000,0 days 00:00:39.943000,0 days 00:00:17.803000,0 days 00:20:31.548000,0 days 00:21:11.491000,0 days 00:21:29.294000,276.0,325.0,258.0,282.0,True,SOFT,4.0,True,McLaren,0 days 00:19:58.970000,,1,,,,False,True,Q
0 days 00:23:27.244000,PIA,81,0 days 00:01:57.950000,5.0,1.0,,0 days 00:23:25.234000,0 days 00:00:41.696000,0 days 00:00:49.286000,0 days 00:00:26.968000,0 days 00:22:10.990000,0 days 00:23:00.276000,0 days 00:23:27.244000,235.0,233.0,,205.0,False,SOFT,5.0,True,McLaren,0 days 00:21:29.294000,,1,,,,False,False,Q
0 days 00:29:21.405000,PIA,81,,6.0,2.0,0 days 00:27:26.153000,,,0 days 00:00:48.513000,0 days 00:00:24.692000,,0 days 00:28:56.718000,0 days 00:29:21.617000,161.0,249.0,264.0,252.0,False,SOFT,6.0,False,McLaren,0 days 00:23:27.244000,,1,,,,False,False,Q
0 days 00:30:51.605000,PIA,81,0 days 00:01:30.200000,7.0,2.0,,,0 days 00:00:32.604000,0 days 00:00:39.788000,0 days 00:00:17.808000,0 days 00:29:54.009000,0 days 00:30:33.797000,0 days 00:30:51.605000,277.0,325.0,257.0,283.0,True,SOFT,7.0,False,McLaren,0 days 00:29:21.405000,,1,,,,False,True,Q
0 days 00:32:44.703000,PIA,81,0 days 00:01:53.098000,8.0,2.0,,0 days 00:32:43.224000,0 days 00:00:39.822000,0 days 00:00:48.063000,0 days 00:00:25.213000,0 days 00:31:31.427000,0 days 00:32:19.490000,0 days 00:32:44.703000,237.0,255.0,,225.0,False,SOFT,8.0,False,McLaren,0 days 00:30:51.605000,,1,,,,False,False,Q
0 days 00:40:51.981000,PIA,81,,9.0,3.0,0 days 00:39:03.823000,,,0 days 00:00:48.375000,0 days 00:00:21.501000,,0 days 00:40:30.480000,0 days 00:40:52.010000,260.0,239.0,263.0,239.0,False,SOFT,1.0,True,McLaren,0 days 00:32:44.703000,,1,,,,False,False,Q
0 days 00:42:21.432000,PIA,81,0 days 00:01:29.451000,10.0,3.0,,,0 days 00:00:32.131000,0 days 00:00:39.743000,0 days 00:00:17.577000,0 days 00:41:24.112000,0 days 00:42:03.855000,0 days 00:42:21.432000,275.0,324.0,266.0,283.0,True,SOFT,2.0,True,McLaren,0 days 00:40:51.981000,,1,,,,False,True,Q
0 days 00:44:16.831000,PIA,81,0 days 00:01:55.399000,11.0,3.0,,0 days 00:44:15.380000,0 days 00:00:42.173000,0 days 00:00:48.365000,0 days 00:00:24.861000,0 days 00:43:03.605000,0 days 00:43:51.970000,0 days 00:44:16.831000,235.0,227.0,,216.0,False,SOFT,3.0,True,McLaren,0 days 00:42:21.432000,,1,,,,False,False,Q
0 days 00:49:06.342000,PIA,81,,12.0,4.0,0 days 00:47:11.674000,,,0 days 00:00:44.867000,0 days 00:00:23.814000,,0 days 00:48:42.528000,0 days 00:49:06.618000,257.0,197.0,266.0,156.0,False,SOFT,4.0,False,McLaren,0 days 00:44:16.831000,,1,,,,False,False,Q
0 days 00:50:36.171000,PIA,81,0 days 00:01:29.829000,13.0,4.0,,,0 days 00:00:32.439000,0 days 00:00:39.772000,0 days 00:00:17.618000,0 days 00:49:38.781000,0 days 00:50:18.553000,0 days 00:50:36.171000,276.0,327.0,259.0,285.0,False,SOFT,5.0,False,McLaren,0 days 00:49:06.342000,,1,,,,False,True,Q
0 days 00:52:30.750000,PIA,81,0 days 00:01:54.579000,14.0,4.0,,0 days 00:52:29.357000,0 days 00:00:39.359000,0 days 00:00:50.368000,0 days 00:00:24.852000,0 days 00:51:15.530000,0 days 00:52:05.898000,0 days 00:52:30.750000,266.0,251.0,,217.0,False,SOFT,6.0,False,McLaren,0 days 00:50:36.171000,,1,,,,False,False,Q
0 days 01:01:31.001000,PIA,81,,15.0,5.0,0 days 00:59:50.361000,,,0 days 00:00:44.342000,0 days 00:00:19.942000,,0 days 01:01:11.265000,0 days 01:01:31.001000,258.0,256.0,264.0,256.0,False,SOFT,1.0,True,McLaren,0 days 00:52:30.750000,,1,,,,False,False,Q
0 days 01:03:00.133000,PIA,81,0 days 00:01:29.132000,16.0,5.0,,,0 days 00:00:31.963000,0 days 00:00:39.557000,0 days 00:00:17.612000,0 days 01:02:02.964000,0 days 01:02:42.521000,0 days 01:03:00.133000,275.0,321.0,267.0,283.0,True,SOFT,2.0,True,McLaren,0 days 01:01:31.001000,,1,,,,False,True,Q
0 days 01:04:52.478000,PIA,81,0 days 00:01:52.345000,17.0,5.0,,0 days 01:04:51.071000,0 days 00:00:40.022000,0 days 00:00:48.187000,0 days 00:00:24.136000,0 days 01:03:40.155000,0 days 01:04:28.342000,0 days 01:04:52.478000,242.0,240.0,,227.0,False,SOFT,3.0,True,McLaren,0 days 01:03:00.133000,,1,,,,False,False,Q
0 days 01:09:55.438000,PIA,81,,18.0,6.0,0 days 01:08:07.029000,,,0 days 00:00:44.694000,0 days 00:00:19.837000,,0 days 01:09:35.601000,0 days 01:09:55.568000,261.0,254.0,266.0,256.0,False,SOFT,1.0,True,McLaren,0 days 01:04:52.478000,,1,,,,False,False,Q
0 days 01:11:24.636000,PIA,81,0 days 00:01:29.198000,19.0,6.0,,,0 days 00:00:31.954000,0 days 00:00:39.657000,0 days 00:00:17.587000,0 days 01:10:27.392000,0 days 01:11:07.049000,0 days 01:11:24.636000,275.0,322.0,266.0,283.0,False,SOFT,2.0,True,McLaren,0 days 01:09:55.438000,,1,,,,False,True,Q
0 days 01:13:23.181000,PIA,81,0 days 00:01:58.545000,20.0,6.0,,0 days 01:13:21.273000,0 days 00:00:41.770000,0 days 00:00:48.504000,0 days 00:00:28.271000,0 days 01:12:06.406000,0 days 01:12:54.910000,0 days 01:13:23.181000,218.0,258.0,,218.0,False,SOFT,3.0,True,McLaren,0 days 01:11:24.636000,,1,,,,False,False,Q
0 days 00:17:12.333000,LEC,16,,1.0,1.0,0 days 00:15:19.555000,,,0 days 00:00:46.142000,0 days 00:00:24.209000,,0 days 00:16:48.230000,0 days 00:17:12.572000,270.0,272.0,265.0,257.0,False,SOFT,1.0,True,Ferrari,0 days 00:15:19.555000,,1,,,,False,False,Q
0 days 00:18:42.411000,LEC,16,0 days 00:01:30.078000,2.0,1.0,,,0 days 00:00:32.378000,0 days 00:00:40.032000,0 days 00:00:17.668000,0 days 00:17:44.711000,0 days 00:18:24.743000,0 days 00:18:42.411000,281.0,331.0,250.0,285.0,True,SOFT,2.0,True,Ferrari,0 days 00:17:12.333000,,1,,,,False,True,Q
0 days 00:20:44.307000,LEC,16,0 days 00:02:01.896000,3.0,1.0,,,0 days 00:00:47.048000,0 days 00:00:52.474000,0 days 00:00:22.374000,0 days 00:19:29.459000,0 days 00:20:21.933000,0 days 00:20:44.307000,189.0,195.0,217.0,241.0,False,SOFT,3.0,True,Ferrari,0 days 00:18:42.411000,,1,,,,False,True,Q
0 days 00:22:36.112000,LEC,16,0 days 00:01:51.805000,4.0,1.0,,,0 days 00:00:45.024000,0 days 00:00:46.745000,0 days 00:00:20.036000,0 days 00:21:29.331000,0 days 00:22:16.076000,0 days 00:22:36.112000,270.0,252.0,264.0,252.0,False,SOFT,4.0,True,Ferrari,0 days 00:20:44.307000,,1,,,,False,True,Q
0 days 00:24:06.027000,LEC,16,0 days 00:01:29.915000,5.0,1.0,,,0 days 00:00:32.269000,0 days 00:00:39.857000,0 days 00:00:17.789000,0 days 00:23:08.381000,0 days 00:23:48.238000,0 days 00:24:06.027000,282.0,327.0,251.0,283.0,True,SOFT,5.0,True,Ferrari,0 days 00:22:36.112000,,1,,,,False,True,Q
0 days 00:26:01.371000,LEC,16,0 days 00:01:55.344000,6.0,1.0,,0 days 00:26:00.013000,0 days 00:00:41.191000,0 days 00:00:49.067000,0 days 00:00:25.086000,0 days 00:24:47.218000,0 days 00:25:36.285000,0 days 00:26:01.371000,218.0,255.0,,208.0,False,SOFT,6.0,True,Ferrari,0 days 00:24:06.027000,,1,,,,False,False,Q
0 days 00:38:45.121000,LEC,16,,7.0,2.0,0 days 00:36:57.796000,,,0 days 00:00:43.935000,0 days 00:00:20.858000,,0 days 00:38:24.322000,0 days 00:38:45.271000,270.0,262.0,261.0,253.0,False,SOFT,7.0,False,Ferrari,0 days 00:26:01.371000,,1,,,,False,False,Q
0 days 00:40:14.906000,LEC,16,0 days 00:01:29.785000,8.0,2.0,,,0 days 00:00:32.223000,0 days 00:00:39.875000,0 days 00:00:17.687000,0 days 00:39:17.344000,0 days 00:39:57.219000,0 days 00:40:14.906000,281.0,326.0,264.0,283.0,True,SOFT,8.0,False,Ferrari,0 days 00:38:45.121000,,1,,,,False,True,Q
0 days 00:42:06.290000,LEC,16,0 days 00:01:51.384000,9.0,2.0,,0 days 00:42:05.033000,0 days 00:00:39.361000,0 days 00:00:49.795000,0 days 00:00:22.228000,0 days 00:40:54.267000,0 days 00:41:44.062000,0 days 00:42:06.290000,265.0,279.0,,267.0,False,SOFT,9.0,False,Ferrari,0 days 00:40:14.906000,,1,,,,False,False,Q
0 days 00:47:00.870000,LEC,16,,10.0,3.0,0 days 00:45:13.887000,,,0 days 00:00:43.778000,0 days 00:00:22.851000,,0 days 00:46:38.019000,0 days 00:47:01.012000,272.0,265.0,262.0,257.0,False,SOFT,1.0,True,Ferrari,0 days 00:42:06.290000,,1,,,,False,False,Q
0 days 00:48:30.173000,LEC,16,0 days 00:01:29.303000,11.0,3.0,,,0 days 00:00:31.778000,0 days 00:00:39.855000,0 days 00:00:17.670000,0 days 00:47:32.648000,0 days 00:48:12.503000,0 days 00:48:30.173000,284.0,326.0,263.0,283.0,True,SOFT,2.0,True,Ferrari,0 days 00:47:00.870000,,1,,,,False,True,Q
0 days 00:50:28.128000,LEC,16,0 days 00:01:57.955000,12.0,3.0,,0 days 00:50:25.785000,0 days 00:00:39.745000,0 days 00:00:53.328000,0 days 00:00:24.882000,0 days 00:49:09.918000,0 days 00:50:03.246000,0 days 00:50:28.128000,121.0,277.0,,266.0,False,SOFT,3.0,True,Ferrari,0 days 00:48:30.173000,,1,,,,False,False,Q
0 days 01:01:51.036000,LEC,16,,13.0,4.0,0 days 01:00:07.743000,,,0 days 00:00:44.168000,0 days 00:00:20.263000,,0 days 01:01:30.920000,0 days 01:01:51.104000,272.0,270.0,263.0,258.0,False,SOFT,1.0,True,Ferrari,0 days 00:50:28.128000,,1,,,,False,False,Q
0 days 01:03:20.470000,LEC,16,0 days 00:01:29.434000,14.0,4.0,,,0 days 00:00:31.798000,0 days 00:00:39.883000,0 days 00:00:17.753000,0 days 01:02:22.834000,0 days 01:03:02.717000,0 days 01:03:20.470000,281.0,321.0,264.0,280.0,True,SOFT,2.0,True,Ferrari,0 days 01:01:51.036000,,1,,,,False,True,Q
0 days 01:05:08.848000,LEC,16,0 days 00:01:48.378000,15.0,4.0,,0 days 01:05:07.559000,0 days 00:00:40.393000,0 days 00:00:44.821000,0 days 00:00:23.164000,0 days 01:04:00.863000,0 days 01:04:45.684000,0 days 01:05:08.848000,240.0,277.0,,265.0,False,SOFT,3.0,True,Ferrari,0 days 01:03:20.470000,,1,,,,False,False,Q
0 days 01:10:52.044000,LEC,16,,16.0,5.0,0 days 01:09:04.556000,,,0 days 00:00:45.580000,0 days 00:00:21.613000,,0 days 01:10:30.431000,0 days 01:10:52.234000,273.0,268.0,264.0,256.0,False,SOFT,1.0,True,Ferrari,0 days 01:05:08.848000,,1,,,,False,False,Q
0 days 01:12:21.449000,LEC,16,0 days 00:01:29.405000,17.0,5.0,,,0 days 00:00:31.655000,0 days 00:00:39.947000,0 days 00:00:17.803000,0 days 01:11:23.699000,0 days 01:12:03.646000,0 days 01:12:21.449000,283.0,315.0,267.0,279.0,True,SOFT,2.0,True,Ferrari,0 days 01:10:52.044000,,1,,,,False,True,Q
0 days 01:14:25.053000,LEC,16,,18.0,5.0,,0 days 01:14:25.053000,0 days 00:00:43.821000,0 days 00:00:53.573000,,0 days 01:13:05.269000,0 days 01:13:58.877000,,181.0,209.0,,209.0,False,SOFT,3.0,True,Ferrari,0 days 01:12:21.449000,,1,,,,False,False,Q
0 days 00:16:36.388000,NOR,1,,1.0,1.0,0 days 00:14:47.358000,,,0 days 00:00:43.479000,0 days 00:00:24.755000,,0 days 00:16:11.659000,0 days 00:16:36.647000,258.0,275.0,258.0,147.0,False,SOFT,1.0,True,McLaren,0 days 00:14:47.358000,,1,,,,False,False,Q
0 days 00:18:07.064000,NOR,1,0 days 00:01:30.676000,2.0,1.0,,,0 days 00:00:32.606000,0 days 00:00:40.207000,0 days 00:00:17.863000,0 days 00:17:08.994000,0 days 00:17:49.201000,0 days 00:18:07.064000,271.0,324.0,259.0,279.0,True,SOFT,2.0,True,McLaren,0 days 00:16:36.388000,,1,,,,False,True,Q
0 days 00:20:07.489000,NOR,1,0 days 00:02:00.425000,3.0,1.0,,,0 days 00:00:47.403000,0 days 00:00:52.262000,0 days 00:00:20.760000,0 days 00:18:54.467000,0 days 00:19:46.729000,0 days 00:20:07.489000,236.0,259.0,258.0,238.0,False,SOFT,3.0,True,McLaren,0 days 00:18:07.064000,,1,,,,False,True,Q
0 days 00:21:37.890000,NOR,1,0 days 00:01:30.401000,4.0,1.0,,,0 days 00:00:32.556000,0 days 00:00:40.033000,0 days 00:00:17.812000,0 days 00:20:40.045000,0 days 00:21:20.078000,0 days 00:21:37.890000,272.0,323.0,260.0,279.0,True,SOFT,4.0,True,McLaren,0 days 00:20:07.489000,,1,,,,False,True,Q
0 days 00:23:32.742000,NOR,1,0 days 00:01:54.852000,5.0,1.0,,0 days 00:23:31.400000,0 days 00:00:41.087000,0 days 00:00:49.398000,0 days 00:00:24.367000,0 days 00:22:18.977000,0 days 00:23:08.375000,0 days 00:23:32.742000,217.0,272.0,,238.0,False,SOFT,5.0,True,McLaren,0 days 00:21:37.890000,,1,,,,False,False,Q
0 days 00:28:53.639000,NOR,1,,6.0,2.0,0 days 00:27:04.534000,,,0 days 00:00:50.152000,0 days 00:00:22.918000,,0 days 00:28:30.721000,0 days 00:28:53.768000,259.0,211.0,256.0,181.0,False,SOFT,6.0,False,McLaren,0 days 00:23:32.742000,,1,,,,False,False,Q
0 days 00:30:24.173000,NOR,1,0 days 00:01:30.534000,7.0,2.0,,,0 days 00:00:32.632000,0 days 00:00:40.174000,0 days 00:00:17.728000,0 days 00:29:26.271000,0 days 00:30:06.445000,0 days 00:30:24.173000,274.0,322.0,259.0,280.0,False,SOFT,7.0,False,McLaren,0 days 00:28:53.639000,,1,,,,False,True,Q
0 days 00:32:20.670000,NOR,1,0 days 00:01:56.497000,8.0,2.0,,0 days 00:32:19.182000,0 days 00:00:40.025000,0 days 00:00:50.431000,0 days 00:00:26.041000,0 days 00:31:04.198000,0 days 00:31:54.629000,0 days 00:32:20.670000,216.0,251.0,,218.0,False,SOFT,8.0,False,McLaren,0 days 00:30:24.173000,,1,,,,False,False,Q
0 days 00:41:04.784000,NOR,1,,9.0,3.0,0 days 00:39:23.564000,,,0 days 00:00:44.974000,0 days 00:00:19.969000,,0 days 00:40:44.949000,0 days 00:41:04.895000,259.0,256.0,259.0,258.0,False,SOFT,1.0,True,McLaren,0 days 00:32:20.670000,,1,,,,False,False,Q
0 days 00:42:34.579000,NOR,1,0 days 00:01:29.795000,10.0,3.0,,,0 days 00:00:32.208000,0 days 00:00:39.892000,0 days 00:00:17.695000,0 days 00:41:36.992000,0 days 00:42:16.884000,0 days 00:42:34.579000,273.0,318.0,267.0,279.0,True,SOFT,2.0,True,McLaren,0 days 00:41:04.784000,,1,,,,False,True,Q
0 days 00:44:28.035000,NOR,1,0 days 00:01:53.456000,11.0,3.0,,0 days 00:44:25.911000,0 days 00:00:40.019000,0 days 00:00:47.337000,0 days 00:00:26.100000,0 days 00:43:14.598000,0 days 00:44:01.935000,0 days 00:44:28.035000,233.0,283.0,,223.0,False,SOFT,3.0,True,McLaren,0 days 00:42:34.579000,,1,,,,False,False,Q
0 days 00:48:59.094000,NOR,1,,12.0,4.0,0 days 00:47:07.865000,,,0 days 00:00:45.209000,0 days 00:00:23.397000,,0 days 00:48:35.732000,0 days 00:48:59.362000,262.0,249.0,252.0,147.0,False,SOFT,4.0,False,McLaren,0 days 00:44:28.035000,,1,,,,False,False,Q
0 days 00:50:29.195000,NOR,1,0 days 00:01:30.101000,13.0,4.0,,,0 days 00:00:32.477000,0 days 00:00:39.897000,0 days 00:00:17.727000,0 days 00:49:31.571000,0 days 00:50:11.468000,0 days 00:50:29.195000,274.0,326.0,260.0,283.0,False,SOFT,5.0,False,McLaren,0 days 00:48:59.094000,,1,,,,False,True,Q
0 days 00:52:26.386000,NOR,1,0 days 00:01:57.191000,14.0,4.0,,0 days 00:52:24.962000,0 days 00:00:44.098000,0 days 00:00:48.386000,0 days 00:00:24.707000,0 days 00:51:13.293000,0 days 00:52:01.679000,0 days 00:52:26.386000,232.0,274.0,,229.0,False,SOFT,6.0,False,McLaren,0 days 00:50:29.195000,,1,,,,False,False,Q
0 days 01:01:22.642000,NOR,1,,15.0,5.0,0 days 00:59:40.568000,,,0 days 00:00:44.760000,0 days 00:00:21.548000,,0 days 01:01:01.183000,0 days 01:01:22.648000,255.0,251.0,266.0,200.0,False,SOFT,1.0,True,McLaren,0 days 00:52:26.386000,,1,,,,False,False,Q
0 days 01:02:52.051000,NOR,1,0 days 00:01:29.409000,16.0,5.0,,,0 days 00:00:32.049000,0 days 00:00:39.716000,0 days 00:00:17.644000,0 days 01:01:54.691000,0 days 01:02:34.407000,0 days 01:02:52.051000,272.0,320.0,266.0,281.0,True,SOFT,2.0,True,McLaren,0 days 01:01:22.642000,,1,,,,False,True,Q
0 days 01:04:41.301000,NOR,1,0 days 00:01:49.250000,17.0,5.0,,0 days 01:04:39.948000,0 days 00:00:39.014000,0 days 00:00:45.963000,0 days 00:00:24.273000,0 days 01:03:31.065000,0 days 01:04:17.028000,0 days 01:04:41.301000,252.0,290.0,,218.0,False,SOFT,3.0,True,McLaren,0 days 01:02:52.051000,,1,,,,False,False,Q
0 days 01:09:47.487000,NOR,1,,18.0,6.0,0 days 01:08:02.143000,,,0 days 00:00:44.825000,0 days 00:00:21.703000,,0 days 01:09:25.811000,0 days 01:09:47.657000,260.0,253.0,264.0,190.0,False,SOFT,1.0,True,McLaren,0 days 01:04:41.301000,,1,,,,False,False,Q
0 days 01:11:17.244000,NOR,1,0 days 00:01:29.757000,19.0,6.0,,,0 days 00:00:32.238000,0 days 00:00:39.892000,0 days 00:00:17.627000,0 days 01:10:19.725000,0 days 01:10:59.617000,0 days 01:11:17.244000,272.0,319.0,269.0,279.0,False,SOFT,2.0,True,McLaren,0 days 01:09:47.487000,,1,,,,False,True,Q
0 days 01:13:16.088000,NOR,1,0 days 00:01:58.844000,20.0,6.0,,0 days 01:13:13.768000,0 days 00:00:40.706000,0 days 00:00:49.839000,0 days 00:00:28.299000,0 days 01:11:57.950000,0 days 01:12:47.789000,0 days 01:13:16.088000,232.0,238.0,,199.0,False,SOFT,3.0,True,McLaren,0 days 01:11:17.244000,,1,,,,False,False,Q
0 days 00:16:55.699000,HAM,44,,1.0,1.0,0 days 00:15:01.772000,,,0 days 00:00:45.414000,0 days 00:00:21.987000,,0 days 00:16:33.828000,0 days 00:16:55.910000,261.0,263.0,264.0,245.0,False,SOFT,1.0,True,Ferrari,0 days 00:15:01.772000,,1,,,,False,False,Q
0 days 00:18:26.327000,HAM,44,0 days 00:01:30.628000,2.0,1.0,,,0 days 00:00:32.542000,0 days 00:00:40.206000,0 days 00:00:17.880000,0 days 00:17:28.241000,0 days 00:18:08.447000,0 days 00:18:26.327000,280.0,328.0,257.0,282.0,True,SOFT,2.0,True,Ferrari,0 days 00:16:55.699000,,1,,,,False,True,Q
0 days 00:20:32.119000,HAM,44,0 days 00:02:05.792000,3.0,1.0,,,0 days 00:00:46.580000,0 days 00:00:56.602000,0 days 00:00:22.610000,0 days 00:19:12.907000,0 days 00:20:09.509000,0 days 00:20:32.119000,207.0,231.0,196.0,246.0,False,SOFT,3.0,True,Ferrari,0 days 00:18:26.327000,,1,,,,False,True,Q
0 days 00:22:25.893000,HAM,44,0 days 00:01:53.774000,4.0,1.0,,,0 days 00:00:45.355000,0 days 00:00:47.777000,0 days 00:00:20.642000,0 days 00:21:17.474000,0 days 00:22:05.251000,0 days 00:22:25.893000,261.0,253.0,266.0,253.0,False,SOFT,4.0,True,Ferrari,0 days 00:20:32.119000,,1,,,,False,True,Q
0 days 00:23:56.202000,HAM,44,0 days 00:01:30.309000,5.0,1.0,,,0 days 00:00:32.313000,0 days 00:00:40.305000,0 days 00:00:17.691000,0 days 00:22:58.206000,0 days 00:23:38.511000,0 days 00:23:56.202000,281.0,330.0,257.0,284.0,True,SOFT,5.0,True,Ferrari,0 days 00:22:25.893000,,1,,,,False,True,Q
0 days 00:25:48.540000,HAM,44,0 days 00:01:52.338000,6.0,1.0,,0 days 00:25:47.261000,0 days 00:00:41.992000,0 days 00:00:47.836000,0 days 00:00:22.510000,0 days 00:24:38.194000,0 days 00:25:26.030000,0 days 00:25:48.540000,208.0,262.0,,259.0,False,SOFT,6.0,True,Ferrari,0 days 00:23:56.202000,,1,,,,False,False,Q
0 days 00:38:36.354000,HAM,44,,7.0,2.0,0 days 00:36:53.674000,,,0 days 00:00:44.912000,0 days 00:00:21.346000,,0 days 00:38:15.056000,0 days 00:38:36.364000,267.0,265.0,264.0,234.0,False,SOFT,7.0,False,Ferrari,0 days 00:25:48.540000,,1,,,,False,False,Q
0 days 00:40:06.472000,HAM,44,0 days 00:01:30.118000,8.0,2.0,,,0 days 00:00:32.144000,0 days 00:00:40.203000,0 days 00:00:17.771000,0 days 00:39:08.498000,0 days 00:39:48.701000,0 days 00:40:06.472000,281.0,328.0,253.0,282.0,True,SOFT,8.0,False,Ferrari,0 days 00:38:36.354000,,1,,,,False,True,Q
0 days 00:41:59.319000,HAM,44,0 days 00:01:52.847000,9.0,2.0,,0 days 00:41:56.278000,0 days 00:00:43.573000,0 days 00:00:45.018000,0 days 00:00:24.256000,0 days 00:40:50.045000,0 days 00:41:35.063000,0 days 00:41:59.319000,142.0,274.0,,264.0,False,SOFT,9.0,False,Ferrari,0 days 00:40:06.472000,,1,,,,False,False,Q
0 days 00:46:52.327000,HAM,44,,10.0,3.0,0 days 00:45:08.269000,,,0 days 00:00:44.818000,0 days 00:00:21.045000,,0 days 00:46:31.282000,0 days 00:46:52.541000,270.0,271.0,267.0,240.0,False,SOFT,1.0,True,Ferrari,0 days 00:41:59.319000,,1,,,,False,False,Q
0 days 00:48:22.272000,HAM,44,0 days 00:01:29.945000,11.0,3.0,,,0 days 00:00:32.157000,0 days 00:00:40.058000,0 days 00:00:17.730000,0 days 00:47:24.484000,0 days 00:48:04.542000,0 days 00:48:22.272000,281.0,323.0,254.0,280.0,True,SOFT,2.0,True,Ferrari,0 days 00:46:52.327000,,1,,,,False,True,Q
0 days 00:50:33.768000,HAM,44,0 days 00:02:11.496000,12.0,3.0,,,0 days 00:00:44.201000,0 days 00:00:59.618000,0 days 00:00:27.677000,0 days 00:49:06.473000,0 days 00:50:06.091000,0 days 00:50:33.768000,205.0,164.0,261.0,112.0,False,SOFT,3.0,True,Ferrari,0 days 00:48:22.272000,,1,,,,False,True,Q
0 days 00:52:03.357000,HAM,44,0 days 00:01:29.589000,13.0,3.0,,,0 days 00:00:32.031000,0 days 00:00:39.933000,0 days 00:00:17.625000,0 days 00:51:05.799000,0 days 00:51:45.732000,0 days 00:52:03.357000,281.0,325.0,262.0,280.0,True,SOFT,4.0,True,Ferrari,0 days 00:50:33.768000,,1,,,,False,True,Q
0 days 00:53:51.375000,HAM,44,0 days 00:01:48.018000,14.0,3.0,,0 days 00:53:50.054000,0 days 00:00:39.001000,0 days 00:00:46.162000,0 days 00:00:22.855000,0 days 00:52:42.358000,0 days 00:53:28.520000,0 days 00:53:51.375000,245.0,256.0,,256.0,False,SOFT,5.0,True,Ferrari,0 days 00:52:03.357000,,1,,,,False,False,Q
0 days 01:01:44.561000,HAM,44,,15.0,4.0,0 days 01:00:00.494000,,,0 days 00:00:45.192000,0 days 00:00:20.987000,,0 days 01:01:23.681000,0 days 01:01:44.642000,267.0,263.0,266.0,250.0,False,SOFT,1.0,True,Ferrari,0 days 00:53:51.375000,,1,,,,False,False,Q
0 days 01:03:14.128000,HAM,44,0 days 00:01:29.567000,16.0,4.0,,,0 days 00:00:31.762000,0 days 00:00:39.934000,0 days 00:00:17.871000,0 days 01:02:16.323000,0 days 01:02:56.257000,0 days 01:03:14.128000,281.0,315.0,263.0,276.0,True,SOFT,2.0,True,Ferrari,0 days 01:01:44.561000,,1,,,,False,True,Q
0 days 01:05:01.682000,HAM,44,0 days 00:01:47.554000,17.0,4.0,,0 days 01:05:00.363000,0 days 00:00:40.282000,0 days 00:00:44.480000,0 days 00:00:22.792000,0 days 01:03:54.410000,0 days 01:04:38.890000,0 days 01:05:01.682000,236.0,251.0,,250.0,False,SOFT,3.0,True,Ferrari,0 days 01:03:14.128000,,1,,,,False,False,Q
0 days 01:10:14.594000,HAM,44,,18.0,5.0,0 days 01:08:33.891000,,,0 days 00:00:44.384000,0 days 00:00:21.283000,,0 days 01:09:53.320000,0 days 01:10:14.793000,262.0,264.0,265.0,240.0,False,SOFT,1.0,True,Ferrari,0 days 01:05:01.682000,,1,,,,False,False,Q
0 days 01:11:44.254000,HAM,44,0 days 00:01:29.660000,19.0,5.0,,,0 days 00:00:31.859000,0 days 00:00:40.164000,0 days 00:00:17.637000,0 days 01:10:46.453000,0 days 01:11:26.617000,0 days 01:11:44.254000,282.0,322.0,264.0,279.0,False,SOFT,2.0,True,Ferrari,0 days 01:10:14.594000,,1,,,,False,True,Q
0 days 01:13:52.169000,HAM,44,0 days 00:02:07.915000,20.0,5.0,,0 days 01:13:49.030000,0 days 00:00:44.848000,0 days 00:00:54.116000,0 days 00:00:28.951000,0 days 01:12:29.102000,0 days 01:13:23.218000,0 days 01:13:52.169000,207.0,209.0,,209.0,False,SOFT,3.0,True,Ferrari,0 days 01:11:44.254000,,1,,,,False,False,Q
0 days 00:17:51.535000,GAS,10,,1.0,1.0,0 days 00:16:07.468000,,,0 days 00:00:45.544000,0 days 00:00:21.614000,,0 days 00:17:29.952000,0 days 00:17:51.803000,260.0,271.0,271.0,265.0,False,SOFT,1.0,True,Alpine,0 days 00:16:07.468000,,1,,,,False,False,Q
0 days 00:19:22.300000,GAS,10,0 days 00:01:30.765000,2.0,1.0,,,0 days 00:00:32.724000,0 days 00:00:40.327000,0 days 00:00:17.714000,0 days 00:18:24.259000,0 days 00:19:04.586000,0 days 00:19:22.300000,274.0,328.0,270.0,281.0,True,SOFT,2.0,True,Alpine,0 days 00:17:51.535000,,1,,,,False,True,Q
0 days 00:21:24.947000,GAS,10,0 days 00:02:02.647000,3.0,1.0,,0 days 00:21:23.525000,0 days 00:00:45.993000,0 days 00:00:50.484000,0 days 00:00:26.170000,0 days 00:20:08.293000,0 days 00:20:58.777000,0 days 00:21:24.947000,257.0,212.0,,221.0,False,SOFT,3.0,True,Alpine,0 days 00:19:22.300000,,1,,,,False,False,Q
0 days 00:29:00.288000,GAS,10,,4.0,2.0,0 days 00:27:09.928000,,,0 days 00:00:45.793000,0 days 00:00:24.621000,,0 days 00:28:35.667000,0 days 00:29:00.549000,270.0,266.0,270.0,258.0,False,SOFT,1.0,True,Alpine,0 days 00:21:24.947000,,1,,,,False,False,Q
0 days 00:30:30.872000,GAS,10,0 days 00:01:30.584000,5.0,2.0,,,0 days 00:00:32.528000,0 days 00:00:40.347000,0 days 00:00:17.709000,0 days 00:29:32.816000,0 days 00:30:13.163000,0 days 00:30:30.872000,274.0,333.0,267.0,285.0,True,SOFT,2.0,True,Alpine,0 days 00:29:00.288000,,1,,,,False,True,Q
0 days 00:32:32.428000,GAS,10,0 days 00:02:01.556000,6.0,2.0,,0 days 00:32:30.894000,0 days 00:00:42.838000,0 days 00:00:49.880000,0 days 00:00:28.838000,0 days 00:31:13.710000,0 days 00:32:03.590000,0 days 00:32:32.428000,241.0,249.0,,196.0,False,SOFT,3.0,True,Alpine,0 days 00:30:30.872000,,1,,,,False,False,Q
0 days 00:40:38.253000,GAS,10,,7.0,3.0,0 days 00:38:41.039000,,,0 days 00:00:44.947000,0 days 00:00:23.544000,,0 days 00:40:14.896000,0 days 00:40:38.253000,247.0,262.0,263.0,256.0,False,SOFT,1.0,True,Alpine,0 days 00:32:32.428000,,1,,,,False,False,Q
0 days 00:42:08.375000,GAS,10,0 days 00:01:30.122000,8.0,3.0,,,0 days 00:00:32.410000,0 days 00:00:40.114000,0 days 00:00:17.598000,0 days 00:41:10.663000,0 days 00:41:50.777000,0 days 00:42:08.375000,275.0,331.0,269.0,283.0,True,SOFT,2.0,True,Alpine,0 days 00:40:38.253000,,1,,,,False,True,Q
0 days 00:44:08.924000,GAS,10,0 days 00:02:00.549000,9.0,3.0,,0 days 00:44:07.559000,0 days 00:00:43.622000,0 days 00:00:48.854000,0 days 00:00:28.073000,0 days 00:42:51.997000,0 days 00:43:40.851000,0 days 00:44:08.924000,244.0,249.0,,215.0,False,SOFT,3.0,True,Alpine,0 days 00:42:08.375000,,1,,,,False,False,Q
0 days 00:49:20.509000,GAS,10,,10.0,4.0,0 days 00:47:30.982000,,,0 days 00:00:45.080000,0 days 00:00:22.314000,,0 days 00:48:58.262000,0 days 00:49:20.814000,267.0,265.0,270.0,262.0,False,SOFT,1.0,True,Alpine,0 days 00:44:08.924000,,1,,,,False,False,Q
0 days 00:50:50.383000,GAS,10,0 days 00:01:29.874000,11.0,4.0,,,0 days 00:00:32.224000,0 days 00:00:40.119000,0 days 00:00:17.531000,0 days 00:49:52.733000,0 days 00:50:32.852000,0 days 00:50:50.383000,273.0,332.0,269.0,285.0,True,SOFT,2.0,True,Alpine,0 days 00:49:20.509000,,1,,,,False,True,Q
0 days 00:52:52.751000,GAS,10,0 days 00:02:02.368000,12.0,4.0,,0 days 00:52:51.185000,0 days 00:00:42.521000,0 days 00:00:51.724000,0 days 00:00:28.123000,0 days 00:51:32.904000,0 days 00:52:24.628000,0 days 00:52:52.751000,231.0,257.0,,220.0,False,SOFT,3.0,True,Alpine,0 days 00:50:50.383000,,1,,,,False,False,Q
0 days 01:01:00.269000,GAS,10,,13.0,5.0,0 days 00:59:11.298000,,,0 days 00:00:44.512000,0 days 00:00:20.987000,,0 days 01:00:39.311000,0 days 01:01:00.423000,268.0,255.0,267.0,253.0,False,SOFT,4.0,False,Alpine,0 days 00:52:52.751000,,1,,,,False,False,Q
0 days 01:02:30.563000,GAS,10,0 days 00:01:30.294000,14.0,5.0,,,0 days 00:00:32.520000,0 days 00:00:40.180000,0 days 00:00:17.594000,0 days 01:01:32.789000,0 days 01:02:12.969000,0 days 01:02:30.563000,275.0,333.0,270.0,284.0,True,SOFT,5.0,False,Alpine,0 days 01:01:00.269000,,1,,,,False,True,Q
0 days 01:04:26.307000,GAS,10,0 days 00:01:55.744000,15.0,5.0,,0 days 01:04:24.774000,0 days 00:00:40.712000,0 days 00:00:47.087000,0 days 00:00:27.945000,0 days 01:03:11.275000,0 days 01:03:58.362000,0 days 01:04:26.307000,250.0,245.0,,204.0,False,SOFT,6.0,False,Alpine,0 days 01:02:30.563000,,1,,,,False,False,Q
0 days 01:10:44.894000,GAS,10,,16.0,6.0,0 days 01:08:57.065000,,,0 days 00:00:44.768000,0 days 00:00:22.751000,,0 days 01:10:22.218000,0 days 01:10:45.081000,264.0,257.0,265.0,258.0,False,SOFT,1.0,True,Alpine,0 days 01:04:26.307000,,1,,,,False,False,Q
0 days 01:12:14.585000,GAS,10,0 days 00:01:29.691000,17.0,6.0,,,0 days 00:00:32.143000,0 days 00:00:40.029000,0 days 00:00:17.519000,0 days 01:11:17.037000,0 days 01:11:57.066000,0 days 01:12:14.585000,274.0,333.0,270.0,285.0,True,SOFT,2.0,True,Alpine,0 days 01:10:44.894000,,1,,,,False,True,Q
0 days 01:14:20.933000,GAS,10,0 days 00:02:06.348000,18.0,6.0,,0 days 01:14:16.731000,0 days 00:00:43.846000,0 days 00:00:51.231000,0 days 00:00:31.271000,0 days 01:12:58.431000,0 days 01:13:49.662000,0 days 01:14:20.933000,212.0,235.0,,204.0,False,SOFT,3.0,True,Alpine,0 days 01:12:14.585000,,1,,,,False,False,Q
0 days 00:17:43.830000,HAD,6,,1.0,1.0,0 days 00:15:57.518000,,,0 days 00:00:45.907000,0 days 00:00:24.258000,,0 days 00:17:19.744000,0 days 00:17:44.112000,251.0,135.0,267.0,244.0,False,SOFT,1.0,True,Red Bull Racing,0 days 00:15:57.518000,,1,,,,False,False,Q
0 days 00:19:14.492000,HAD,6,0 days 00:01:30.662000,2.0,1.0,,,0 days 00:00:32.744000,0 days 00:00:40.252000,0 days 00:00:17.666000,0 days 00:18:16.574000,0 days 00:18:56.826000,0 days 00:19:14.492000,278.0,338.0,259.0,289.0,True,SOFT,2.0,True,Red Bull Racing,0 days 00:17:43.830000,,1,,,,False,True,Q
0 days 00:21:07.282000,HAD,6,0 days 00:01:52.790000,3.0,1.0,,0 days 00:21:06.050000,0 days 00:00:40.424000,0 days 00:00:49.341000,0 days 00:00:23.025000,0 days 00:19:54.916000,0 days 00:20:44.257000,0 days 00:21:07.282000,247.0,259.0,,265.0,False,SOFT,3.0,True,Red Bull Racing,0 days 00:19:14.492000,,1,,,,False,False,Q
0 days 00:26:18.059000,HAD,6,,4.0,2.0,0 days 00:24:33.444000,,,0 days 00:00:45.979000,0 days 00:00:21.212000,,0 days 00:25:56.847000,0 days 00:26:18.307000,254.0,251.0,270.0,228.0,False,SOFT,4.0,False,Red Bull Racing,0 days 00:21:07.282000,,1,,,,False,False,Q
0 days 00:27:48.881000,HAD,6,0 days 00:01:30.822000,5.0,2.0,,,0 days 00:00:32.686000,0 days 00:00:40.440000,0 days 00:00:17.696000,0 days 00:26:50.745000,0 days 00:27:31.185000,0 days 00:27:48.881000,275.0,332.0,258.0,286.0,False,SOFT,5.0,False,Red Bull Racing,0 days 00:26:18.059000,,1,,,,False,True,Q
0 days 00:29:38.434000,HAD,6,0 days 00:01:49.553000,6.0,2.0,,0 days 00:29:36.237000,0 days 00:00:39.214000,0 days 00:00:46.490000,0 days 00:00:23.849000,0 days 00:28:28.095000,0 days 00:29:14.585000,0 days 00:29:38.434000,245.0,289.0,,265.0,False,SOFT,6.0,False,Red Bull Racing,0 days 00:27:48.881000,,1,,,,False,False,Q
0 days 00:39:05.094000,HAD,6,,7.0,3.0,0 days 00:37:22.367000,,,0 days 00:00:46.135000,0 days 00:00:20.768000,,0 days 00:38:44.443000,0 days 00:39:05.176000,243.0,187.0,270.0,242.0,False,SOFT,1.0,True,Red Bull Racing,0 days 00:29:38.434000,,1,,,,False,False,Q
0 days 00:40:35.433000,HAD,6,0 days 00:01:30.339000,8.0,3.0,,,0 days 00:00:32.336000,0 days 00:00:40.314000,0 days 00:00:17.689000,0 days 00:39:37.430000,0 days 00:40:17.744000,0 days 00:40:35.433000,276.0,332.0,263.0,287.0,True,SOFT,2.0,True,Red Bull Racing,0 days 00:39:05.094000,,1,,,,False,True,Q
0 days 00:42:28.921000,HAD,6,0 days 00:01:53.488000,9.0,3.0,,0 days 00:42:27.636000,0 days 00:00:44.077000,0 days 00:00:46.749000,0 days 00:00:22.662000,0 days 00:41:19.510000,0 days 00:42:06.259000,0 days 00:42:28.921000,246.0,289.0,,271.0,False,SOFT,3.0,True,Red Bull Racing,0 days 00:40:35.433000,,1,,,,False,False,Q
0 days 00:48:46.749000,HAD,6,,10.0,4.0,0 days 00:47:02.737000,,,0 days 00:00:45.211000,0 days 00:00:22.398000,,0 days 00:48:24.537000,0 days 00:48:46.994000,260.0,162.0,270.0,228.0,False,SOFT,1.0,True,Red Bull Racing,0 days 00:42:28.921000,,1,,,,False,False,Q
0 days 00:50:16.853000,HAD,6,0 days 00:01:30.104000,11.0,4.0,,,0 days 00:00:32.402000,0 days 00:00:40.094000,0 days 00:00:17.608000,0 days 00:49:19.151000,0 days 00:49:59.245000,0 days 00:50:16.853000,275.0,336.0,257.0,290.0,True,SOFT,2.0,True,Red Bull Racing,0 days 00:48:46.749000,,1,,,,False,True,Q
0 days 00:52:12.023000,HAD,6,0 days 00:01:55.170000,12.0,4.0,,0 days 00:52:10.830000,0 days 00:00:39.359000,0 days 00:00:52.678000,0 days 00:00:23.133000,0 days 00:50:56.212000,0 days 00:51:48.890000,0 days 00:52:12.023000,246.0,283.0,,270.0,False,SOFT,3.0,True,Red Bull Racing,0 days 00:50:16.853000,,1,,,,False,False,Q
0 days 01:02:05.902000,HAD,6,,13.0,5.0,0 days 01:00:20.070000,,,0 days 00:00:46.957000,0 days 00:00:21.402000,,0 days 01:01:44.642000,0 days 01:02:05.902000,247.0,140.0,270.0,239.0,False,SOFT,1.0,True,Red Bull Racing,0 days 00:52:12.023000,,1,,,,False,False,Q
0 days 01:03:35.880000,HAD,6,0 days 00:01:29.978000,14.0,5.0,,,0 days 00:00:32.164000,0 days 00:00:40.137000,0 days 00:00:17.677000,0 days 01:02:38.066000,0 days 01:03:18.203000,0 days 01:03:35.880000,280.0,330.0,263.0,285.0,True,SOFT,2.0,True,Red Bull Racing,0 days 01:02:05.902000,,1,,,,False,True,Q
0 days 01:05:20.225000,HAD,6,0 days 00:01:44.345000,15.0,5.0,,0 days 01:05:18.862000,0 days 00:00:36.502000,0 days 00:00:45.414000,0 days 00:00:22.429000,0 days 01:04:12.382000,0 days 01:04:57.796000,0 days 01:05:20.225000,248.0,281.0,,269.0,False,SOFT,3.0,True,Red Bull Racing,0 days 01:03:35.880000,,1,,,,False,False,Q
0 days 01:10:06.671000,HAD,6,,16.0,6.0,0 days 01:08:18.864000,,,0 days 00:00:44.868000,0 days 00:00:21.299000,,0 days 01:09:45.372000,0 days 01:10:06.900000,253.0,230.0,273.0,236.0,False,SOFT,1.0,True,Red Bull Racing,0 days 01:05:20.225000,,1,,,,False,False,Q
0 days 01:12:03.359000,HAD,6,0 days 00:01:56.688000,17.0,6.0,,0 days 01:12:00.347000,0 days 00:00:32.180000,0 days 00:00:53.319000,0 days 00:00:31.189000,0 days 01:10:38.851000,0 days 01:11:32.170000,0 days 01:12:03.359000,275.0,156.0,,204.0,False,SOFT,2.0,True,Red Bull Racing,0 days 01:10:06.671000,,1,,,,False,False,Q
0 days 00:17:03.450000,BOR,5,,1.0,1.0,0 days 00:15:09.021000,,,0 days 00:00:46.074000,0 days 00:00:24.069000,,0 days 00:16:39.517000,0 days 00:17:03.652000,259.0,218.0,261.0,204.0,False,SOFT,1.0,True,Audi,0 days 00:15:09.021000,,1,,,,False,False,Q
0 days 00:18:34.202000,BOR,5,0 days 00:01:30.752000,2.0,1.0,,,0 days 00:00:32.684000,0 days 00:00:40.346000,0 days 00:00:17.722000,0 days 00:17:36.134000,0 days 00:18:16.480000,0 days 00:18:34.202000,278.0,327.0,271.0,283.0,True,SOFT,2.0,True,Audi,0 days 00:17:03.450000,,1,,,,False,True,Q
0 days 00:20:39.144000,BOR,5,0 days 00:02:04.942000,3.0,1.0,,,0 days 00:00:45.022000,0 days 00:00:58.107000,0 days 00:00:21.813000,0 days 00:19:19.224000,0 days 00:20:17.331000,0 days 00:20:39.144000,197.0,230.0,261.0,255.0,False,SOFT,3.0,True,Audi,0 days 00:18:34.202000,,1,,,,False,True,Q
0 days 00:22:10.110000,BOR,5,0 days 00:01:30.966000,4.0,1.0,,,0 days 00:00:32.662000,0 days 00:00:40.718000,0 days 00:00:17.586000,0 days 00:21:11.806000,0 days 00:21:52.524000,0 days 00:22:10.110000,276.0,334.0,266.0,288.0,False,SOFT,4.0,True,Audi,0 days 00:20:39.144000,,1,,,,False,True,Q
0 days 00:24:02.732000,BOR,5,0 days 00:01:52.622000,5.0,1.0,,0 days 00:24:01.278000,0 days 00:00:38.222000,0 days 00:00:48.796000,0 days 00:00:25.604000,0 days 00:22:48.332000,0 days 00:23:37.128000,0 days 00:24:02.732000,261.0,216.0,,238.0,False,SOFT,5.0,True,Audi,0 days 00:22:10.110000,,1,,,,False,False,Q
0 days 00:28:46.090000,BOR,5,,6.0,2.0,0 days 00:26:55.342000,,,0 days 00:00:50.536000,0 days 00:00:24.605000,,0 days 00:28:21.589000,0 days 00:28:46.389000,259.0,258.0,260.0,150.0,False,SOFT,1.0,True,Audi,0 days 00:24:02.732000,,1,,,,False,False,Q
0 days 00:30:16.449000,BOR,5,0 days 00:01:30.359000,7.0,2.0,,,0 days 00:00:32.440000,0 days 00:00:40.260000,0 days 00:00:17.659000,0 days 00:29:18.530000,0 days 00:29:58.790000,0 days 00:30:16.449000,278.0,324.0,271.0,281.0,True,SOFT,2.0,True,Audi,0 days 00:28:46.090000,,1,,,,False,True,Q
0 days 00:32:19.898000,BOR,5,0 days 00:02:03.449000,8.0,2.0,,0 days 00:32:18.368000,0 days 00:00:42.995000,0 days 00:00:54.036000,0 days 00:00:26.418000,0 days 00:30:59.444000,0 days 00:31:53.480000,0 days 00:32:19.898000,190.0,239.0,,218.0,False,SOFT,3.0,True,Audi,0 days 00:30:16.449000,,1,,,,False,False,Q
0 days 00:40:10.586000,BOR,5,,9.0,3.0,0 days 00:38:08.154000,,,0 days 00:00:48.776000,0 days 00:00:27.155000,,0 days 00:39:43.641000,0 days 00:40:10.741000,173.0,107.0,264.0,206.0,False,SOFT,1.0,True,Audi,0 days 00:32:19.898000,,1,,,,False,False,Q
0 days 00:41:40.679000,BOR,5,0 days 00:01:30.093000,10.0,3.0,,,0 days 00:00:32.288000,0 days 00:00:40.213000,0 days 00:00:17.592000,0 days 00:40:42.874000,0 days 00:41:23.087000,0 days 00:41:40.679000,275.0,326.0,271.0,282.0,True,SOFT,2.0,True,Audi,0 days 00:40:10.586000,,1,,,,False,True,Q
0 days 00:43:35.782000,BOR,5,0 days 00:01:55.103000,11.0,3.0,,0 days 00:43:34.349000,0 days 00:00:40.204000,0 days 00:00:49.285000,0 days 00:00:25.614000,0 days 00:42:20.883000,0 days 00:43:10.168000,0 days 00:43:35.782000,184.0,266.0,,208.0,False,SOFT,3.0,True,Audi,0 days 00:41:40.679000,,1,,,,False,False,Q
0 days 00:49:43.472000,BOR,5,,12.0,4.0,0 days 00:47:54.507000,,,0 days 00:00:47.447000,0 days 00:00:23.513000,,0 days 00:49:20.048000,0 days 00:49:43.705000,262.0,255.0,262.0,224.0,False,SOFT,1.0,True,Audi,0 days 00:43:35.782000,,1,,,,False,False,Q
0 days 00:51:13.462000,BOR,5,0 days 00:01:29.990000,13.0,4.0,,,0 days 00:00:32.349000,0 days 00:00:40.149000,0 days 00:00:17.492000,0 days 00:50:15.821000,0 days 00:50:55.970000,0 days 00:51:13.462000,273.0,328.0,268.0,285.0,True,SOFT,2.0,True,Audi,0 days 00:49:43.472000,,1,,,,False,True,Q
0 days 00:53:15.704000,BOR,5,0 days 00:02:02.242000,14.0,4.0,,0 days 00:53:14,0 days 00:00:39.943000,0 days 00:00:51.522000,0 days 00:00:30.777000,0 days 00:51:53.405000,0 days 00:52:44.927000,0 days 00:53:15.704000,254.0,204.0,,166.0,False,SOFT,3.0,True,Audi,0 days 00:51:13.462000,,1,,,,False,False,Q
0 days 01:00:52.066000,BOR,5,,15.0,5.0,0 days 00:59:07.062000,,,0 days 00:00:45.147000,0 days 00:00:21.776000,,0 days 01:00:30.420000,0 days 01:00:52.163000,266.0,257.0,262.0,212.0,False,SOFT,4.0,False,Audi,0 days 00:53:15.704000,,1,,,,False,False,Q
0 days 01:02:22.714000,BOR,5,0 days 00:01:30.648000,16.0,5.0,,,0 days 00:00:32.610000,0 days 00:00:40.374000,0 days 00:00:17.664000,0 days 01:01:24.676000,0 days 01:02:05.050000,0 days 01:02:22.714000,278.0,328.0,262.0,283.0,True,SOFT,5.0,False,Audi,0 days 01:00:52.066000,,1,,,,False,True,Q
0 days 01:04:16.573000,BOR,5,0 days 00:01:53.859000,17.0,5.0,,0 days 01:04:15.038000,0 days 00:00:40.949000,0 days 00:00:48.047000,0 days 00:00:24.863000,0 days 01:03:03.663000,0 days 01:03:51.710000,0 days 01:04:16.573000,222.0,259.0,,217.0,False,SOFT,6.0,False,Audi,0 days 01:02:22.714000,,1,,,,False,False,Q
0 days 01:10:23.968000,BOR,5,,18.0,6.0,0 days 01:08:42.488000,,,0 days 00:00:44.948000,0 days 00:00:21.707000,,0 days 01:10:02.445000,0 days 01:10:24.290000,265.0,255.0,261.0,213.0,False,SOFT,1.0,True,Audi,0 days 01:04:16.573000,,1,,,,False,False,Q
0 days 01:11:54.242000,BOR,5,0 days 00:01:30.274000,19.0,6.0,,,0 days 00:00:32.292000,0 days 00:00:40.213000,0 days 00:00:17.769000,0 days 01:10:56.260000,0 days 01:11:36.473000,0 days 01:11:54.242000,271.0,324.0,270.0,280.0,True,SOFT,2.0,True,Audi,0 days 01:10:23.968000,,1,,,,False,True,Q
0 days 01:14:04.781000,BOR,5,0 days 00:02:10.539000,20.0,6.0,,0 days 01:14:01.058000,0 days 00:00:42.753000,0 days 00:00:53.079000,0 days 00:00:34.707000,0 days 01:12:36.995000,0 days 01:13:30.074000,0 days 01:14:04.781000,244.0,200.0,,163.0,False,SOFT,3.0,True,Audi,0 days 01:11:54.242000,,1,,,,False,False,Q
0 days 00:13:36.348000,LIN,41,,1.0,1.0,0 days 00:11:41.901000,,,0 days 00:00:47.273000,0 days 00:00:20.573000,,0 days 00:13:15.789000,0 days 00:13:36.841000,260.0,266.0,267.0,249.0,False,SOFT,1.0,True,Racing Bulls,0 days 00:11:41.901000,,1,,,,False,False,Q
0 days 00:15:07.982000,LIN,41,0 days 00:01:31.634000,2.0,1.0,,,0 days 00:00:33.200000,0 days 00:00:40.763000,0 days 00:00:17.671000,0 days 00:14:09.548000,0 days 00:14:50.311000,0 days 00:15:07.982000,268.0,335.0,261.0,287.0,True,SOFT,2.0,True,Racing Bulls,0 days 00:13:36.348000,,1,,,,False,True,Q
0 days 00:17:04.434000,LIN,41,0 days 00:01:56.452000,3.0,1.0,,,0 days 00:00:42.900000,0 days 00:00:50.259000,0 days 00:00:23.293000,0 days 00:15:50.882000,0 days 00:16:41.141000,0 days 00:17:04.434000,209.0,259.0,249.0,225.0,False,SOFT,3.0,True,Racing Bulls,0 days 00:15:07.982000,,1,,,,False,True,Q
0 days 00:19:08.655000,LIN,41,0 days 00:02:04.221000,4.0,1.0,,,0 days 00:00:44.994000,0 days 00:00:51.701000,0 days 00:00:27.526000,0 days 00:17:49.428000,0 days 00:18:41.129000,0 days 00:19:08.655000,164.0,132.0,269.0,164.0,False,SOFT,4.0,True,Racing Bulls,0 days 00:17:04.434000,,1,,,,False,True,Q
0 days 00:20:39.655000,LIN,41,0 days 00:01:31,5.0,1.0,,,0 days 00:00:33.024000,0 days 00:00:40.248000,0 days 00:00:17.728000,0 days 00:19:41.679000,0 days 00:20:21.927000,0 days 00:20:39.655000,267.0,338.0,267.0,288.0,True,SOFT,5.0,True,Racing Bulls,0 days 00:19:08.655000,,1,,,,False,True,Q
0 days 00:22:29.778000,LIN,41,0 days 00:01:50.123000,6.0,1.0,,0 days 00:22:28.442000,0 days 00:00:38.926000,0 days 00:00:49.258000,0 days 00:00:21.939000,0 days 00:21:18.581000,0 days 00:22:07.839000,0 days 00:22:29.778000,242.0,285.0,,270.0,False,SOFT,6.0,True,Racing Bulls,0 days 00:20:39.655000,,1,,,,False,False,Q
0 days 00:27:59.122000,LIN,41,,7.0,2.0,0 days 00:25:56.578000,,,0 days 00:00:47.917000,0 days 00:00:20.164000,,0 days 00:27:39.011000,0 days 00:27:59.386000,171.0,257.0,271.0,260.0,False,SOFT,1.0,True,Racing Bulls,0 days 00:22:29.778000,,1,,,,False,False,Q
0 days 00:29:29.903000,LIN,41,0 days 00:01:30.781000,8.0,2.0,,,0 days 00:00:32.819000,0 days 00:00:40.268000,0 days 00:00:17.694000,0 days 00:28:31.941000,0 days 00:29:12.209000,0 days 00:29:29.903000,267.0,334.0,261.0,287.0,True,SOFT,2.0,True,Racing Bulls,0 days 00:27:59.122000,,1,,,,False,True,Q
0 days 00:31:25.594000,LIN,41,0 days 00:01:55.691000,9.0,2.0,,0 days 00:31:24.190000,0 days 00:00:42.934000,0 days 00:00:47.730000,0 days 00:00:25.027000,0 days 00:30:12.837000,0 days 00:31:00.567000,0 days 00:31:25.594000,243.0,266.0,,236.0,False,SOFT,3.0,True,Racing Bulls,0 days 00:29:29.903000,,1,,,,False,False,Q
0 days 00:39:39.880000,LIN,41,,10.0,3.0,0 days 00:37:54.575000,,,0 days 00:00:46.439000,0 days 00:00:19.905000,,0 days 00:39:20.030000,0 days 00:39:39.880000,250.0,256.0,273.0,258.0,False,SOFT,1.0,True,Racing Bulls,0 days 00:31:25.594000,,1,,,,False,False,Q
0 days 00:41:10.574000,LIN,41,0 days 00:01:30.694000,11.0,3.0,,,0 days 00:00:32.651000,0 days 00:00:40.327000,0 days 00:00:17.716000,0 days 00:40:12.531000,0 days 00:40:52.858000,0 days 00:41:10.574000,268.0,331.0,258.0,285.0,True,SOFT,2.0,True,Racing Bulls,0 days 00:39:39.880000,,1,,,,False,True,Q
0 days 00:43:00.549000,LIN,41,0 days 00:01:49.975000,12.0,3.0,,0 days 00:42:57.804000,0 days 00:00:39.025000,0 days 00:00:46.384000,0 days 00:00:24.566000,0 days 00:41:49.599000,0 days 00:42:35.983000,0 days 00:43:00.549000,245.0,261.0,,261.0,False,SOFT,3.0,True,Racing Bulls,0 days 00:41:10.574000,,1,,,,False,False,Q
0 days 00:49:52.381000,LIN,41,,13.0,4.0,0 days 00:48:03.135000,,,0 days 00:00:46.231000,0 days 00:00:20.054000,,0 days 00:49:32.406000,0 days 00:49:52.652000,258.0,255.0,271.0,259.0,False,SOFT,1.0,True,Racing Bulls,0 days 00:43:00.549000,,1,,,,False,False,Q
0 days 00:51:22.490000,LIN,41,0 days 00:01:30.109000,14.0,4.0,,,0 days 00:00:32.565000,0 days 00:00:40.043000,0 days 00:00:17.501000,0 days 00:50:24.946000,0 days 00:51:04.989000,0 days 00:51:22.490000,267.0,334.0,263.0,287.0,True,SOFT,2.0,True,Racing Bulls,0 days 00:49:52.381000,,1,,,,False,True,Q
0 days 00:53:17.048000,LIN,41,0 days 00:01:54.558000,15.0,4.0,,0 days 00:53:15.277000,0 days 00:00:39.961000,0 days 00:00:47.225000,0 days 00:00:27.372000,0 days 00:52:02.451000,0 days 00:52:49.676000,0 days 00:53:17.048000,241.0,258.0,,244.0,False,SOFT,3.0,True,Racing Bulls,0 days 00:51:22.490000,,1,,,,False,False,Q
0 days 01:01:11.383000,LIN,41,,16.0,5.0,0 days 00:59:19.401000,,,0 days 00:00:45.777000,0 days 00:00:20.054000,,0 days 01:00:51.504000,0 days 01:01:11.383000,258.0,254.0,270.0,257.0,False,SOFT,4.0,False,Racing Bulls,0 days 00:53:17.048000,,1,,,,False,False,Q
0 days 01:02:42.920000,LIN,41,0 days 00:01:31.537000,17.0,5.0,,,0 days 00:00:32.752000,0 days 00:00:41.066000,0 days 00:00:17.719000,0 days 01:01:44.135000,0 days 01:02:25.201000,0 days 01:02:42.920000,270.0,336.0,252.0,288.0,True,SOFT,5.0,False,Racing Bulls,0 days 01:01:11.383000,,1,,,,False,True,Q
0 days 01:04:29.147000,LIN,41,0 days 00:01:46.227000,18.0,5.0,,0 days 01:04:27.728000,0 days 00:00:37.724000,0 days 00:00:45.574000,0 days 00:00:22.929000,0 days 01:03:20.644000,0 days 01:04:06.218000,0 days 01:04:29.147000,245.0,283.0,,270.0,False,SOFT,6.0,False,Racing Bulls,0 days 01:02:42.920000,,1,,,,False,False,Q
0 days 01:10:36.979000,LIN,41,,19.0,6.0,0 days 01:08:49.058000,,,0 days 00:00:45.881000,0 days 00:00:20.031000,,0 days 01:10:16.982000,0 days 01:10:37.214000,258.0,255.0,270.0,257.0,False,SOFT,1.0,True,Racing Bulls,0 days 01:04:29.147000,,1,,,,False,False,Q
0 days 01:12:07.298000,LIN,41,0 days 00:01:30.319000,20.0,6.0,,,0 days 00:00:32.548000,0 days 00:00:40.155000,0 days 00:00:17.616000,0 days 01:11:09.527000,0 days 01:11:49.682000,0 days 01:12:07.298000,268.0,331.0,260.0,286.0,True,SOFT,2.0,True,Racing Bulls,0 days 01:10:36.979000,,1,,,,False,True,Q
0 days 01:14:10.097000,LIN,41,0 days 00:02:02.799000,21.0,6.0,,0 days 01:14:05.001000,0 days 00:00:41.654000,0 days 00:00:47.643000,0 days 00:00:33.502000,0 days 01:12:48.952000,0 days 01:13:36.595000,0 days 01:14:10.097000,226.0,274.0,,193.0,False,SOFT,3.0,True,Racing Bulls,0 days 01:12:07.298000,,1,,,,False,False,Q
0 days 00:17:34.454000,VER,3,,1.0,1.0,0 days 00:15:49.718000,,,0 days 00:00:45.386000,0 days 00:00:24.826000,,0 days 00:17:09.748000,0 days 00:17:34.734000,245.0,255.0,269.0,195.0,False,SOFT,1.0,True,Red Bull Racing,0 days 00:15:49.718000,,1,,,,False,False,Q
0 days 00:19:05.180000,VER,3,0 days 00:01:30.726000,2.0,1.0,,,0 days 00:00:32.713000,0 days 00:00:40.448000,0 days 00:00:17.565000,0 days 00:18:07.167000,0 days 00:18:47.615000,0 days 00:19:05.180000,276.0,336.0,260.0,286.0,True,SOFT,2.0,True,Red Bull Racing,0 days 00:17:34.454000,,1,,,,False,True,Q
0 days 00:20:56.708000,VER,3,0 days 00:01:51.528000,3.0,1.0,,0 days 00:20:54.654000,0 days 00:00:39.987000,0 days 00:00:47.702000,0 days 00:00:23.839000,0 days 00:19:45.167000,0 days 00:20:32.869000,0 days 00:20:56.708000,246.0,285.0,,255.0,False,SOFT,3.0,True,Red Bull Racing,0 days 00:19:05.180000,,1,,,,False,False,Q
0 days 00:26:08.124000,VER,3,,4.0,2.0,0 days 00:24:26.149000,,,0 days 00:00:45.754000,0 days 00:00:20.137000,,0 days 00:25:48.140000,0 days 00:26:08.359000,255.0,258.0,271.0,256.0,False,SOFT,4.0,False,Red Bull Racing,0 days 00:20:56.708000,,1,,,,False,False,Q
0 days 00:27:38.643000,VER,3,0 days 00:01:30.519000,5.0,2.0,,,0 days 00:00:32.588000,0 days 00:00:40.319000,0 days 00:00:17.612000,0 days 00:26:40.712000,0 days 00:27:21.031000,0 days 00:27:38.643000,276.0,332.0,258.0,285.0,True,SOFT,5.0,False,Red Bull Racing,0 days 00:26:08.124000,,1,,,,False,True,Q
0 days 00:29:27.092000,VER,3,0 days 00:01:48.449000,6.0,2.0,,0 days 00:29:26.003000,0 days 00:00:38.982000,0 days 00:00:45.038000,0 days 00:00:24.429000,0 days 00:28:17.625000,0 days 00:29:02.663000,0 days 00:29:27.092000,248.0,282.0,,206.0,False,SOFT,6.0,False,Red Bull Racing,0 days 00:27:38.643000,,1,,,,False,False,Q
0 days 00:38:53.567000,VER,3,,7.0,3.0,0 days 00:37:14.130000,,,0 days 00:00:45.077000,0 days 00:00:19.710000,,0 days 00:38:33.911000,0 days 00:38:53.627000,253.0,265.0,271.0,260.0,False,SOFT,1.0,True,Red Bull Racing,0 days 00:29:27.092000,,1,,,,False,False,Q
0 days 00:40:23.930000,VER,3,0 days 00:01:30.363000,8.0,3.0,,,0 days 00:00:32.423000,0 days 00:00:40.253000,0 days 00:00:17.687000,0 days 00:39:25.990000,0 days 00:40:06.243000,0 days 00:40:23.930000,273.0,336.0,257.0,286.0,True,SOFT,2.0,True,Red Bull Racing,0 days 00:38:53.567000,,1,,,,False,True,Q
0 days 00:42:14.169000,VER,3,0 days 00:01:50.239000,9.0,3.0,,0 days 00:42:12.955000,0 days 00:00:39.853000,0 days 00:00:48.645000,0 days 00:00:21.741000,0 days 00:41:03.783000,0 days 00:41:52.428000,0 days 00:42:14.169000,248.0,263.0,,265.0,False,SOFT,3.0,True,Red Bull Racing,0 days 00:40:23.930000,,1,,,,False,False,Q
0 days 00:48:38.410000,VER,3,,10.0,4.0,0 days 00:46:56.696000,,,0 days 00:00:48.144000,0 days 00:00:20.042000,,0 days 00:48:18.477000,0 days 00:48:38.622000,155.0,265.0,270.0,262.0,False,SOFT,1.0,True,Red Bull Racing,0 days 00:42:14.169000,,1,,,,False,False,Q
0 days 00:50:08.672000,VER,3,0 days 00:01:30.262000,11.0,4.0,,,0 days 00:00:32.369000,0 days 00:00:40.196000,0 days 00:00:17.697000,0 days 00:49:10.779000,0 days 00:49:50.975000,0 days 00:50:08.672000,273.0,326.0,263.0,283.0,True,SOFT,2.0,True,Red Bull Racing,0 days 00:48:38.410000,,1,,,,False,True,Q
0 days 00:52:03.208000,VER,3,0 days 00:01:54.536000,12.0,4.0,,0 days 00:52:02.014000,0 days 00:00:42.613000,0 days 00:00:46.828000,0 days 00:00:25.095000,0 days 00:50:51.285000,0 days 00:51:38.113000,0 days 00:52:03.208000,245.0,204.0,,227.0,False,SOFT,3.0,True,Red Bull Racing,0 days 00:50:08.672000,,1,,,,False,False,Q
0 days 00:13:56.875000,OCO,31,,1.0,1.0,0 days 00:12:03.938000,,,0 days 00:00:45.385000,0 days 00:00:23.916000,,0 days 00:13:33.087000,0 days 00:13:57.182000,272.0,273.0,262.0,262.0,False,SOFT,1.0,True,Haas F1 Team,0 days 00:12:03.938000,,1,,,,False,False,Q
0 days 00:15:28.341000,OCO,31,0 days 00:01:31.466000,2.0,1.0,,,0 days 00:00:33.124000,0 days 00:00:40.473000,0 days 00:00:17.869000,0 days 00:14:29.999000,0 days 00:15:10.472000,0 days 00:15:28.341000,280.0,327.0,257.0,282.0,True,SOFT,2.0,True,Haas F1 Team,0 days 00:13:56.875000,,1,,,,False,True,Q
0 days 00:17:29.067000,OCO,31,0 days 00:02:00.726000,3.0,1.0,,,0 days 00:00:44.176000,0 days 00:00:53.499000,0 days 00:00:23.051000,0 days 00:16:12.517000,0 days 00:17:06.016000,0 days 00:17:29.067000,202.0,233.0,172.0,217.0,False,SOFT,3.0,True,Haas F1 Team,0 days 00:15:28.341000,,1,,,,False,True,Q
0 days 00:19:29.355000,OCO,31,0 days 00:02:00.288000,4.0,1.0,,,0 days 00:00:51.435000,0 days 00:00:48.786000,0 days 00:00:20.067000,0 days 00:18:20.502000,0 days 00:19:09.288000,0 days 00:19:29.355000,225.0,276.0,265.0,263.0,False,SOFT,4.0,True,Haas F1 Team,0 days 00:17:29.067000,,1,,,,False,True,Q
0 days 00:21:00.551000,OCO,31,0 days 00:01:31.196000,5.0,1.0,,,0 days 00:00:32.989000,0 days 00:00:40.305000,0 days 00:00:17.902000,0 days 00:20:02.344000,0 days 00:20:42.649000,0 days 00:21:00.551000,280.0,329.0,253.0,282.0,True,SOFT,5.0,True,Haas F1 Team,0 days 00:19:29.355000,,1,,,,False,True,Q
0 days 00:22:51.015000,OCO,31,0 days 00:01:50.464000,6.0,1.0,,0 days 00:22:49.657000,0 days 00:00:38.248000,0 days 00:00:46.839000,0 days 00:00:25.377000,0 days 00:21:38.799000,0 days 00:22:25.638000,0 days 00:22:51.015000,262.0,249.0,,230.0,False,SOFT,6.0,True,Haas F1 Team,0 days 00:21:00.551000,,1,,,,False,False,Q
0 days 00:27:26.932000,OCO,31,,7.0,2.0,0 days 00:25:43.268000,,,0 days 00:00:45.450000,0 days 00:00:23.023000,,0 days 00:27:04.019000,0 days 00:27:27.138000,274.0,271.0,264.0,197.0,False,SOFT,1.0,True,Haas F1 Team,0 days 00:22:51.015000,,1,,,,False,False,Q
0 days 00:28:57.847000,OCO,31,0 days 00:01:30.915000,8.0,2.0,,,0 days 00:00:32.767000,0 days 00:00:40.213000,0 days 00:00:17.935000,0 days 00:27:59.699000,0 days 00:28:39.912000,0 days 00:28:57.847000,282.0,322.0,251.0,280.0,True,SOFT,2.0,True,Haas F1 Team,0 days 00:27:26.932000,,1,,,,False,True,Q
0 days 00:30:57.698000,OCO,31,0 days 00:01:59.851000,9.0,2.0,,0 days 00:30:56.370000,0 days 00:00:43.318000,0 days 00:00:47.675000,0 days 00:00:28.858000,0 days 00:29:41.165000,0 days 00:30:28.840000,0 days 00:30:57.698000,173.0,152.0,,238.0,False,SOFT,3.0,True,Haas F1 Team,0 days 00:28:57.847000,,1,,,,False,False,Q
0 days 00:40:44.718000,OCO,31,,10.0,3.0,0 days 00:38:51.119000,,,0 days 00:00:49.777000,0 days 00:00:22.329000,,0 days 00:40:22.390000,0 days 00:40:44.718000,261.0,274.0,267.0,264.0,False,SOFT,1.0,True,Haas F1 Team,0 days 00:30:57.698000,,1,,,,False,False,Q
0 days 00:42:15.184000,OCO,31,0 days 00:01:30.466000,11.0,3.0,,,0 days 00:00:32.481000,0 days 00:00:40.177000,0 days 00:00:17.808000,0 days 00:41:17.199000,0 days 00:41:57.376000,0 days 00:42:15.184000,282.0,321.0,264.0,281.0,True,SOFT,2.0,True,Haas F1 Team,0 days 00:40:44.718000,,1,,,,False,True,Q
0 days 00:44:10.703000,OCO,31,0 days 00:01:55.519000,12.0,3.0,,0 days 00:44:09.384000,0 days 00:00:39.537000,0 days 00:00:49.409000,0 days 00:00:26.573000,0 days 00:42:54.721000,0 days 00:43:44.130000,0 days 00:44:10.703000,227.0,233.0,,221.0,False,SOFT,3.0,True,Haas F1 Team,0 days 00:42:15.184000,,1,,,,False,False,Q
0 days 00:49:13.373000,OCO,31,,13.0,4.0,0 days 00:47:14.688000,,,0 days 00:00:45.773000,0 days 00:00:21.973000,,0 days 00:48:51.508000,0 days 00:49:13.667000,273.0,273.0,263.0,228.0,False,SOFT,1.0,True,Haas F1 Team,0 days 00:44:10.703000,,1,,,,False,False,Q
0 days 00:50:43.682000,OCO,31,0 days 00:01:30.309000,14.0,4.0,,,0 days 00:00:32.561000,0 days 00:00:40.048000,0 days 00:00:17.700000,0 days 00:49:45.934000,0 days 00:50:25.982000,0 days 00:50:43.682000,282.0,320.0,263.0,281.0,True,SOFT,2.0,True,Haas F1 Team,0 days 00:49:13.373000,,1,,,,False,True,Q
0 days 00:52:43.916000,OCO,31,0 days 00:02:00.234000,15.0,4.0,,0 days 00:52:42.614000,0 days 00:00:43.157000,0 days 00:00:49.886000,0 days 00:00:27.191000,0 days 00:51:26.839000,0 days 00:52:16.725000,0 days 00:52:43.916000,236.0,224.0,,209.0,False,SOFT,3.0,True,Haas F1 Team,0 days 00:50:43.682000,,1,,,,False,False,Q
0 days 00:16:44.636000,HUL,27,,1.0,1.0,0 days 00:14:50.528000,,,0 days 00:00:45.258000,0 days 00:00:22.985000,,0 days 00:16:21.743000,0 days 00:16:44.864000,267.0,260.0,267.0,214.0,False,SOFT,1.0,True,Audi,0 days 00:14:50.528000,,1,,,,False,False,Q
0 days 00:18:15.479000,HUL,27,0 days 00:01:30.843000,2.0,1.0,,,0 days 00:00:32.825000,0 days 00:00:40.374000,0 days 00:00:17.644000,0 days 00:17:17.461000,0 days 00:17:57.835000,0 days 00:18:15.479000,278.0,329.0,268.0,285.0,True,SOFT,2.0,True,Audi,0 days 00:16:44.636000,,1,,,,False,True,Q
0 days 00:20:16.350000,HUL,27,0 days 00:02:00.871000,3.0,1.0,,,0 days 00:00:47.422000,0 days 00:00:51.209000,0 days 00:00:22.240000,0 days 00:19:02.901000,0 days 00:19:54.110000,0 days 00:20:16.350000,185.0,275.0,262.0,261.0,False,SOFT,3.0,True,Audi,0 days 00:18:15.479000,,1,,,,False,True,Q
0 days 00:21:46.892000,HUL,27,0 days 00:01:30.542000,4.0,1.0,,,0 days 00:00:32.607000,0 days 00:00:40.371000,0 days 00:00:17.564000,0 days 00:20:48.957000,0 days 00:21:29.328000,0 days 00:21:46.892000,272.0,332.0,269.0,287.0,True,SOFT,4.0,True,Audi,0 days 00:20:16.350000,,1,,,,False,True,Q
0 days 00:23:37.239000,HUL,27,0 days 00:01:50.347000,5.0,1.0,,0 days 00:23:35.736000,0 days 00:00:38.890000,0 days 00:00:47.263000,0 days 00:00:24.194000,0 days 00:22:25.782000,0 days 00:23:13.045000,0 days 00:23:37.239000,239.0,276.0,,226.0,False,SOFT,5.0,True,Audi,0 days 00:21:46.892000,,1,,,,False,False,Q
0 days 00:28:38.888000,HUL,27,,6.0,2.0,0 days 00:26:49.681000,,,0 days 00:00:48.575000,0 days 00:00:22.578000,,0 days 00:28:16.321000,0 days 00:28:39.063000,263.0,260.0,259.0,216.0,False,SOFT,1.0,True,Audi,0 days 00:23:37.239000,,1,,,,False,False,Q
0 days 00:30:09.246000,HUL,27,0 days 00:01:30.358000,7.0,2.0,,,0 days 00:00:32.486000,0 days 00:00:40.231000,0 days 00:00:17.641000,0 days 00:29:11.374000,0 days 00:29:51.605000,0 days 00:30:09.246000,275.0,322.0,273.0,282.0,True,SOFT,2.0,True,Audi,0 days 00:28:38.888000,,1,,,,False,True,Q
0 days 00:32:06.128000,HUL,27,0 days 00:01:56.882000,8.0,2.0,,0 days 00:32:04.595000,0 days 00:00:42.543000,0 days 00:00:50.075000,0 days 00:00:24.264000,0 days 00:30:51.789000,0 days 00:31:41.864000,0 days 00:32:06.128000,227.0,238.0,,244.0,False,SOFT,3.0,True,Audi,0 days 00:30:09.246000,,1,,,,False,False,Q
0 days 00:39:51.019000,HUL,27,,9.0,3.0,0 days 00:38:00.337000,,,0 days 00:00:49.362000,0 days 00:00:20.401000,,0 days 00:39:30.668000,0 days 00:39:51.019000,270.0,277.0,266.0,227.0,False,SOFT,1.0,True,Audi,0 days 00:32:06.128000,,1,,,,False,False,Q
0 days 00:41:21.431000,HUL,27,0 days 00:01:30.412000,10.0,3.0,,,0 days 00:00:32.556000,0 days 00:00:40.285000,0 days 00:00:17.571000,0 days 00:40:23.575000,0 days 00:41:03.860000,0 days 00:41:21.431000,270.0,321.0,271.0,282.0,True,SOFT,2.0,True,Audi,0 days 00:39:51.019000,,1,,,,False,True,Q
0 days 00:43:07.011000,HUL,27,0 days 00:01:45.580000,11.0,3.0,,0 days 00:43:05.459000,0 days 00:00:37.189000,0 days 00:00:45.005000,0 days 00:00:23.386000,0 days 00:41:58.620000,0 days 00:42:43.625000,0 days 00:43:07.011000,257.0,279.0,,225.0,False,SOFT,3.0,True,Audi,0 days 00:41:21.431000,,1,,,,False,False,Q
0 days 00:49:28.641000,HUL,27,,12.0,4.0,0 days 00:47:42.363000,,,0 days 00:00:45.505000,0 days 00:00:21.309000,,0 days 00:49:07.428000,0 days 00:49:28.934000,274.0,261.0,269.0,217.0,False,SOFT,1.0,True,Audi,0 days 00:43:07.011000,,1,,,,False,False,Q
0 days 00:50:59.028000,HUL,27,0 days 00:01:30.387000,13.0,4.0,,,0 days 00:00:32.400000,0 days 00:00:40.181000,0 days 00:00:17.806000,0 days 00:50:01.041000,0 days 00:50:41.222000,0 days 00:50:59.028000,270.0,324.0,271.0,285.0,True,SOFT,2.0,True,Audi,0 days 00:49:28.641000,,1,,,,False,True,Q
0 days 00:52:48.322000,HUL,27,0 days 00:01:49.294000,14.0,4.0,,0 days 00:52:46.820000,0 days 00:00:40.371000,0 days 00:00:44.979000,0 days 00:00:23.944000,0 days 00:51:39.399000,0 days 00:52:24.378000,0 days 00:52:48.322000,265.0,293.0,,231.0,False,SOFT,3.0,True,Audi,0 days 00:50:59.028000,,1,,,,False,False,Q
0 days 00:13:29.215000,LAW,30,,1.0,1.0,0 days 00:11:35.973000,,0 days 00:00:33.257000,0 days 00:00:40.697000,0 days 00:00:21.143000,0 days 00:14:02.577000,0 days 00:14:43.263000,0 days 00:13:55.440000,275.0,330.0,260.0,258.0,False,SOFT,1.0,True,Racing Bulls,0 days 00:11:35.973000,,1,,,,False,False,Q
0 days 00:15:01,LAW,30,0 days 00:01:31.785000,2.0,1.0,,,,,0 days 00:00:17.831000,,,0 days 00:15:01.033000,275.0,330.0,258.0,282.0,True,SOFT,2.0,True,Racing Bulls,0 days 00:13:29.215000,,1,,,,False,False,Q
0 days 00:17:00.924000,LAW,30,0 days 00:01:59.924000,3.0,1.0,,,0 days 00:00:42.098000,0 days 00:00:52.314000,0 days 00:00:25.512000,0 days 00:15:43.098000,0 days 00:16:35.412000,0 days 00:17:00.924000,217.0,254.0,204.0,191.0,False,SOFT,3.0,True,Racing Bulls,0 days 00:15:01,,1,,,,False,True,Q
0 days 00:19:03.634000,LAW,30,0 days 00:02:02.710000,4.0,1.0,,,0 days 00:00:45.516000,0 days 00:00:52.214000,0 days 00:00:24.980000,0 days 00:17:46.440000,0 days 00:18:38.654000,0 days 00:19:03.634000,221.0,203.0,260.0,209.0,False,SOFT,4.0,True,Racing Bulls,0 days 00:17:00.924000,,1,,,,False,True,Q
0 days 00:20:34.682000,LAW,30,0 days 00:01:31.048000,5.0,1.0,,,0 days 00:00:33.041000,0 days 00:00:40.279000,0 days 00:00:17.728000,0 days 00:19:36.675000,0 days 00:20:16.954000,0 days 00:20:34.682000,274.0,335.0,262.0,286.0,True,SOFT,5.0,True,Racing Bulls,0 days 00:19:03.634000,,1,,,,False,True,Q
0 days 00:22:33.427000,LAW,30,0 days 00:01:58.745000,6.0,1.0,,0 days 00:22:31.937000,0 days 00:00:43.538000,0 days 00:00:50.125000,0 days 00:00:25.082000,0 days 00:21:18.220000,0 days 00:22:08.345000,0 days 00:22:33.427000,241.0,280.0,,226.0,False,SOFT,6.0,True,Racing Bulls,0 days 00:20:34.682000,,1,,,,False,False,Q
0 days 00:28:18.610000,LAW,30,,7.0,2.0,0 days 00:26:07.316000,,,0 days 00:00:48.211000,0 days 00:00:22.836000,,0 days 00:27:55.774000,0 days 00:28:18.878000,256.0,257.0,264.0,256.0,False,SOFT,1.0,True,Racing Bulls,0 days 00:22:33.427000,,1,,,,False,False,Q
0 days 00:29:49.267000,LAW,30,0 days 00:01:30.657000,8.0,2.0,,,0 days 00:00:32.797000,0 days 00:00:40.233000,0 days 00:00:17.627000,0 days 00:28:51.407000,0 days 00:29:31.640000,0 days 00:29:49.267000,275.0,336.0,261.0,290.0,True,SOFT,2.0,True,Racing Bulls,0 days 00:28:18.610000,,1,,,,False,True,Q
0 days 00:31:43.721000,LAW,30,0 days 00:01:54.454000,9.0,2.0,,0 days 00:31:42.345000,0 days 00:00:39.306000,0 days 00:00:47.275000,0 days 00:00:27.873000,0 days 00:30:28.573000,0 days 00:31:15.848000,0 days 00:31:43.721000,241.0,254.0,,208.0,False,SOFT,3.0,True,Racing Bulls,0 days 00:29:49.267000,,1,,,,False,False,Q
0 days 00:40:02.093000,LAW,30,,10.0,3.0,0 days 00:38:02.811000,,,0 days 00:00:48.272000,0 days 00:00:20.662000,,0 days 00:39:41.530000,0 days 00:40:02.093000,255.0,261.0,265.0,260.0,False,SOFT,1.0,True,Racing Bulls,0 days 00:31:43.721000,,1,,,,False,False,Q
0 days 00:41:33.097000,LAW,30,0 days 00:01:31.004000,11.0,3.0,,,0 days 00:00:32.910000,0 days 00:00:40.508000,0 days 00:00:17.586000,0 days 00:40:35.003000,0 days 00:41:15.511000,0 days 00:41:33.097000,275.0,336.0,263.0,291.0,True,SOFT,2.0,True,Racing Bulls,0 days 00:40:02.093000,,1,,,,False,True,Q
0 days 00:43:21.036000,LAW,30,0 days 00:01:47.939000,12.0,3.0,,0 days 00:43:19.691000,0 days 00:00:38.748000,0 days 00:00:46.273000,0 days 00:00:22.918000,0 days 00:42:11.845000,0 days 00:42:58.118000,0 days 00:43:21.036000,244.0,260.0,,258.0,False,SOFT,3.0,True,Racing Bulls,0 days 00:41:33.097000,,1,,,,False,False,Q
0 days 00:50:13.758000,LAW,30,,13.0,4.0,0 days 00:48:18.638000,,,0 days 00:00:50.482000,0 days 00:00:20.956000,,0 days 00:49:52.954000,0 days 00:50:14.005000,269.0,257.0,266.0,261.0,False,SOFT,1.0,True,Racing Bulls,0 days 00:43:21.036000,,1,,,,False,False,Q
0 days 00:51:44.253000,LAW,30,0 days 00:01:30.495000,14.0,4.0,,,0 days 00:00:32.791000,0 days 00:00:40.175000,0 days 00:00:17.529000,0 days 00:50:46.549000,0 days 00:51:26.724000,0 days 00:51:44.253000,275.0,333.0,263.0,285.0,True,SOFT,2.0,True,Racing Bulls,0 days 00:50:13.758000,,1,,,,False,True,Q
0 days 00:53:39.057000,LAW,30,0 days 00:01:54.804000,15.0,4.0,,0 days 00:53:37.690000,0 days 00:00:40.038000,0 days 00:00:46.174000,0 days 00:00:28.592000,0 days 00:52:24.291000,0 days 00:53:10.465000,0 days 00:53:39.057000,239.0,219.0,,191.0,False,SOFT,3.0,True,Racing Bulls,0 days 00:51:44.253000,,1,,,,False,False,Q
0 days 00:18:02.576000,COL,43,,1.0,1.0,0 days 00:16:14.813000,,,0 days 00:00:48.308000,0 days 00:00:20.973000,,0 days 00:17:41.603000,0 days 00:18:02.804000,266.0,255.0,262.0,248.0,False,SOFT,1.0,True,Alpine,0 days 00:16:14.813000,,1,,,,False,False,Q
0 days 00:19:34.034000,COL,43,0 days 00:01:31.458000,2.0,1.0,,,0 days 00:00:33.027000,0 days 00:00:40.574000,0 days 00:00:17.857000,0 days 00:18:35.603000,0 days 00:19:16.177000,0 days 00:19:34.034000,274.0,325.0,268.0,281.0,True,SOFT,2.0,True,Alpine,0 days 00:18:02.576000,,1,,,,False,True,Q
0 days 00:21:27.250000,COL,43,0 days 00:01:53.216000,3.0,1.0,,0 days 00:21:25.932000,0 days 00:00:43.430000,0 days 00:00:46.132000,0 days 00:00:23.654000,0 days 00:20:17.464000,0 days 00:21:03.596000,0 days 00:21:27.250000,124.0,283.0,,268.0,False,SOFT,3.0,True,Alpine,0 days 00:19:34.034000,,1,,,,False,False,Q
0 days 00:29:08.027000,COL,43,,4.0,2.0,0 days 00:27:18.819000,,,0 days 00:00:44.347000,0 days 00:00:22.341000,,0 days 00:28:45.692000,0 days 00:29:08.227000,263.0,256.0,263.0,246.0,False,SOFT,1.0,True,Alpine,0 days 00:21:27.250000,,1,,,,False,False,Q
0 days 00:30:38.958000,COL,43,0 days 00:01:30.931000,5.0,2.0,,,0 days 00:00:32.672000,0 days 00:00:40.447000,0 days 00:00:17.812000,0 days 00:29:40.699000,0 days 00:30:21.146000,0 days 00:30:38.958000,274.0,329.0,268.0,283.0,True,SOFT,2.0,True,Alpine,0 days 00:29:08.027000,,1,,,,False,True,Q
0 days 00:32:33.836000,COL,43,0 days 00:01:54.878000,6.0,2.0,,0 days 00:32:32.436000,0 days 00:00:42.292000,0 days 00:00:48.211000,0 days 00:00:24.375000,0 days 00:31:21.250000,0 days 00:32:09.461000,0 days 00:32:33.836000,215.0,259.0,,257.0,False,SOFT,3.0,True,Alpine,0 days 00:30:38.958000,,1,,,,False,False,Q
0 days 00:40:27.487000,COL,43,,7.0,3.0,0 days 00:38:23.607000,,,0 days 00:00:50.719000,0 days 00:00:20.702000,,0 days 00:40:07.042000,0 days 00:40:27.487000,115.0,256.0,262.0,249.0,False,SOFT,1.0,True,Alpine,0 days 00:32:33.836000,,1,,,,False,False,Q
0 days 00:41:58.364000,COL,43,0 days 00:01:30.877000,8.0,3.0,,,0 days 00:00:32.463000,0 days 00:00:40.597000,0 days 00:00:17.817000,0 days 00:40:59.950000,0 days 00:41:40.547000,0 days 00:41:58.364000,275.0,321.0,269.0,280.0,True,SOFT,2.0,True,Alpine,0 days 00:40:27.487000,,1,,,,False,True,Q
0 days 00:43:45.454000,COL,43,0 days 00:01:47.090000,9.0,3.0,,0 days 00:43:44.134000,0 days 00:00:39.242000,0 days 00:00:45.240000,0 days 00:00:22.608000,0 days 00:42:37.606000,0 days 00:43:22.846000,0 days 00:43:45.454000,266.0,261.0,,256.0,False,SOFT,3.0,True,Alpine,0 days 00:41:58.364000,,1,,,,False,False,Q
0 days 00:49:35.025000,COL,43,,10.0,4.0,0 days 00:47:48.942000,,,0 days 00:00:47.643000,0 days 00:00:21.607000,,0 days 00:49:13.470000,0 days 00:49:35.243000,266.0,260.0,264.0,248.0,False,SOFT,1.0,True,Alpine,0 days 00:43:45.454000,,1,,,,False,False,Q
0 days 00:51:05.652000,COL,43,0 days 00:01:30.627000,11.0,4.0,,,0 days 00:00:32.584000,0 days 00:00:40.433000,0 days 00:00:17.610000,0 days 00:50:07.609000,0 days 00:50:48.042000,0 days 00:51:05.652000,275.0,329.0,270.0,282.0,True,SOFT,2.0,True,Alpine,0 days 00:49:35.025000,,1,,,,False,True,Q
0 days 00:52:56.434000,COL,43,0 days 00:01:50.782000,12.0,4.0,,0 days 00:52:54.238000,0 days 00:00:38.350000,0 days 00:00:46.992000,0 days 00:00:25.440000,0 days 00:51:44.002000,0 days 00:52:30.994000,0 days 00:52:56.434000,220.0,285.0,,267.0,False,SOFT,3.0,True,Alpine,0 days 00:51:05.652000,,1,,,,False,False,Q
0 days 00:14:18.948000,SAI,55,,1.0,1.0,0 days 00:12:20.825000,,,0 days 00:00:52.509000,0 days 00:00:20.262000,,0 days 00:13:58.767000,0 days 00:14:19.227000,263.0,253.0,267.0,252.0,False,SOFT,1.0,True,Williams,0 days 00:12:20.825000,,1,,,,False,False,Q
0 days 00:15:50.803000,SAI,55,0 days 00:01:31.855000,2.0,1.0,,,0 days 00:00:33.258000,0 days 00:00:40.771000,0 days 00:00:17.826000,0 days 00:14:52.206000,0 days 00:15:32.977000,0 days 00:15:50.803000,278.0,333.0,259.0,286.0,True,SOFT,2.0,True,Williams,0 days 00:14:18.948000,,1,,,,False,True,Q
0 days 00:17:41.092000,SAI,55,0 days 00:01:50.289000,3.0,1.0,,0 days 00:17:39.719000,0 days 00:00:39.815000,0 days 00:00:46.751000,0 days 00:00:23.723000,0 days 00:16:30.618000,0 days 00:17:17.369000,0 days 00:17:41.092000,261.0,282.0,,270.0,False,SOFT,3.0,True,Williams,0 days 00:15:50.803000,,1,,,,False,False,Q
0 days 00:20:09.109000,SAI,55,0 days 00:02:28.017000,4.0,2.0,0 days 00:18:16.363000,,0 days 00:01:20.545000,0 days 00:00:47.038000,0 days 00:00:20.434000,0 days 00:19:01.637000,0 days 00:19:48.675000,0 days 00:20:09.109000,271.0,266.0,265.0,266.0,False,SOFT,1.0,True,Williams,0 days 00:17:41.092000,,1,,,,False,False,Q
0 days 00:21:40.785000,SAI,55,0 days 00:01:31.676000,5.0,2.0,,,0 days 00:00:33.249000,0 days 00:00:40.774000,0 days 00:00:17.653000,0 days 00:20:42.358000,0 days 00:21:23.132000,0 days 00:21:40.785000,277.0,338.0,264.0,291.0,True,SOFT,2.0,True,Williams,0 days 00:20:09.109000,,1,,,,False,True,Q
0 days 00:23:35.209000,SAI,55,0 days 00:01:54.424000,6.0,2.0,,0 days 00:23:33.700000,0 days 00:00:44.145000,0 days 00:00:45.769000,0 days 00:00:24.510000,0 days 00:22:24.930000,0 days 00:23:10.699000,0 days 00:23:35.209000,253.0,282.0,,271.0,False,SOFT,3.0,True,Williams,0 days 00:21:40.785000,,1,,,,False,False,Q
0 days 00:27:51.421000,SAI,55,,7.0,3.0,0 days 00:25:54.845000,,,0 days 00:00:55.184000,0 days 00:00:19.134000,,0 days 00:27:32.351000,0 days 00:27:51.726000,259.0,279.0,267.0,268.0,False,SOFT,1.0,True,Williams,0 days 00:23:35.209000,,1,,,,False,False,Q
0 days 00:29:22.348000,SAI,55,0 days 00:01:30.927000,8.0,3.0,,,0 days 00:00:32.917000,0 days 00:00:40.434000,0 days 00:00:17.576000,0 days 00:28:24.338000,0 days 00:29:04.772000,0 days 00:29:22.348000,275.0,336.0,266.0,291.0,True,SOFT,2.0,True,Williams,0 days 00:27:51.421000,,1,,,,False,True,Q
0 days 00:31:20.130000,SAI,55,0 days 00:01:57.782000,9.0,3.0,,0 days 00:31:18.825000,0 days 00:00:45.195000,0 days 00:00:48.080000,0 days 00:00:24.507000,0 days 00:30:07.543000,0 days 00:30:55.623000,0 days 00:31:20.130000,235.0,272.0,,250.0,False,SOFT,3.0,True,Williams,0 days 00:29:22.348000,,1,,,,False,False,Q
0 days 00:40:17.227000,SAI,55,,10.0,4.0,0 days 00:38:11.652000,,,0 days 00:00:54.226000,0 days 00:00:19.379000,,0 days 00:39:57.858000,0 days 00:40:17.249000,251.0,274.0,267.0,267.0,False,SOFT,4.0,False,Williams,0 days 00:31:20.130000,,1,,,,False,False,Q
0 days 00:41:48.635000,SAI,55,0 days 00:01:31.408000,11.0,4.0,,,0 days 00:00:33.114000,0 days 00:00:40.491000,0 days 00:00:17.803000,0 days 00:40:50.341000,0 days 00:41:30.832000,0 days 00:41:48.635000,278.0,334.0,266.0,288.0,True,SOFT,5.0,False,Williams,0 days 00:40:17.227000,,1,,,,False,True,Q
0 days 00:43:37.068000,SAI,55,0 days 00:01:48.433000,12.0,4.0,,0 days 00:43:35.689000,0 days 00:00:39.824000,0 days 00:00:45.266000,0 days 00:00:23.343000,0 days 00:42:28.459000,0 days 00:43:13.725000,0 days 00:43:37.068000,250.0,282.0,,269.0,False,SOFT,6.0,False,Williams,0 days 00:41:48.635000,,1,,,,False,False,Q
0 days 00:50:03.387000,SAI,55,,13.0,5.0,0 days 00:48:10.277000,,,0 days 00:00:50.952000,0 days 00:00:19.975000,,0 days 00:49:43.481000,0 days 00:50:03.687000,260.0,259.0,270.0,255.0,False,SOFT,1.0,True,Williams,0 days 00:43:37.068000,,1,,,,False,False,Q
0 days 00:51:34.420000,SAI,55,0 days 00:01:31.033000,14.0,5.0,,,0 days 00:00:32.844000,0 days 00:00:40.524000,0 days 00:00:17.665000,0 days 00:50:36.231000,0 days 00:51:16.755000,0 days 00:51:34.420000,274.0,333.0,266.0,286.0,True,SOFT,2.0,True,Williams,0 days 00:50:03.387000,,1,,,,False,True,Q
0 days 00:53:36.053000,SAI,55,0 days 00:02:01.633000,15.0,5.0,,0 days 00:53:34.568000,0 days 00:00:45.418000,0 days 00:00:50.109000,0 days 00:00:26.106000,0 days 00:52:19.838000,0 days 00:53:09.947000,0 days 00:53:36.053000,216.0,248.0,,216.0,False,SOFT,3.0,True,Williams,0 days 00:51:34.420000,,1,,,,False,False,Q
0 days 00:14:35.332000,ALB,23,,1.0,1.0,0 days 00:12:31.214000,,,0 days 00:00:57.623000,0 days 00:00:20.759000,,0 days 00:14:14.690000,0 days 00:14:35.637000,265.0,250.0,265.0,248.0,False,SOFT,1.0,True,Williams,0 days 00:12:31.214000,,1,,,,False,False,Q
0 days 00:16:07.108000,ALB,23,0 days 00:01:31.776000,2.0,1.0,,,0 days 00:00:33.201000,0 days 00:00:40.724000,0 days 00:00:17.851000,0 days 00:15:08.533000,0 days 00:15:49.257000,0 days 00:16:07.108000,277.0,329.0,263.0,285.0,True,SOFT,2.0,True,Williams,0 days 00:14:35.332000,,1,,,,False,True,Q
0 days 00:17:55.568000,ALB,23,0 days 00:01:48.460000,3.0,1.0,,0 days 00:17:54.385000,0 days 00:00:37.821000,0 days 00:00:45.337000,0 days 00:00:25.302000,0 days 00:16:44.929000,0 days 00:17:30.266000,0 days 00:17:55.568000,266.0,247.0,,226.0,False,SOFT,3.0,True,Williams,0 days 00:16:07.108000,,1,,,,False,False,Q
0 days 00:20:22.767000,ALB,23,0 days 00:02:27.199000,4.0,2.0,0 days 00:18:36.464000,,0 days 00:01:18.447000,0 days 00:00:46.023000,0 days 00:00:22.729000,0 days 00:19:14.015000,0 days 00:20:00.038000,0 days 00:20:22.767000,272.0,270.0,262.0,260.0,False,SOFT,1.0,True,Williams,0 days 00:17:55.568000,,1,,,,False,False,Q
0 days 00:21:54.277000,ALB,23,0 days 00:01:31.510000,5.0,2.0,,,0 days 00:00:33.239000,0 days 00:00:40.502000,0 days 00:00:17.769000,0 days 00:20:56.006000,0 days 00:21:36.508000,0 days 00:21:54.277000,276.0,333.0,262.0,287.0,True,SOFT,2.0,True,Williams,0 days 00:20:22.767000,,1,,,,False,True,Q
0 days 00:23:43.427000,ALB,23,0 days 00:01:49.150000,6.0,2.0,,0 days 00:23:42.112000,0 days 00:00:39.644000,0 days 00:00:46.329000,0 days 00:00:23.177000,0 days 00:22:33.921000,0 days 00:23:20.250000,0 days 00:23:43.427000,255.0,272.0,,266.0,False,SOFT,3.0,True,Williams,0 days 00:21:54.277000,,1,,,,False,False,Q
0 days 00:28:09.207000,ALB,23,,7.0,3.0,0 days 00:26:01.159000,,,0 days 00:00:54.134000,0 days 00:00:20.056000,,0 days 00:27:49.206000,0 days 00:28:09.371000,258.0,254.0,270.0,253.0,False,SOFT,1.0,True,Williams,0 days 00:23:43.427000,,1,,,,False,False,Q
0 days 00:29:40.295000,ALB,23,0 days 00:01:31.088000,8.0,3.0,,,0 days 00:00:32.858000,0 days 00:00:40.489000,0 days 00:00:17.741000,0 days 00:28:42.065000,0 days 00:29:22.554000,0 days 00:29:40.295000,277.0,327.0,265.0,283.0,True,SOFT,2.0,True,Williams,0 days 00:28:09.207000,,1,,,,False,True,Q
0 days 00:31:41.661000,ALB,23,0 days 00:02:01.366000,9.0,3.0,,0 days 00:31:40.204000,0 days 00:00:40.789000,0 days 00:00:54.409000,0 days 00:00:26.168000,0 days 00:30:21.084000,0 days 00:31:15.493000,0 days 00:31:41.661000,232.0,241.0,,237.0,False,SOFT,3.0,True,Williams,0 days 00:29:40.295000,,1,,,,False,False,Q
0 days 00:14:02.331000,BEA,87,,1.0,1.0,0 days 00:12:10.274000,,,0 days 00:00:46.318000,0 days 00:00:20.977000,,0 days 00:13:41.391000,0 days 00:14:02.634000,263.0,252.0,261.0,249.0,False,SOFT,1.0,True,Haas F1 Team,0 days 00:12:10.274000,,1,,,,False,False,Q
0 days 00:15:34.347000,BEA,87,0 days 00:01:32.016000,2.0,1.0,,,0 days 00:00:33.232000,0 days 00:00:40.898000,0 days 00:00:17.886000,0 days 00:14:35.563000,0 days 00:15:16.461000,0 days 00:15:34.347000,275.0,326.0,266.0,278.0,True,SOFT,2.0,True,Haas F1 Team,0 days 00:14:02.331000,,1,,,,False,True,Q
0 days 00:17:39.517000,BEA,87,0 days 00:02:05.170000,3.0,1.0,,,0 days 00:00:50.250000,0 days 00:00:49.667000,0 days 00:00:25.253000,0 days 00:16:24.597000,0 days 00:17:14.264000,0 days 00:17:39.517000,197.0,262.0,160.0,200.0,False,SOFT,3.0,True,Haas F1 Team,0 days 00:15:34.347000,,1,,,,False,True,Q
0 days 00:19:44.792000,BEA,87,0 days 00:02:05.275000,4.0,1.0,,,0 days 00:00:55.178000,0 days 00:00:49.618000,0 days 00:00:20.479000,0 days 00:18:34.695000,0 days 00:19:24.313000,0 days 00:19:44.792000,119.0,265.0,261.0,252.0,False,SOFT,4.0,True,Haas F1 Team,0 days 00:17:39.517000,,1,,,,False,True,Q
0 days 00:21:16.213000,BEA,87,0 days 00:01:31.421000,5.0,1.0,,,0 days 00:00:33.043000,0 days 00:00:40.452000,0 days 00:00:17.926000,0 days 00:20:17.835000,0 days 00:20:58.287000,0 days 00:21:16.213000,275.0,325.0,266.0,277.0,True,SOFT,5.0,True,Haas F1 Team,0 days 00:19:44.792000,,1,,,,False,True,Q
0 days 00:23:06.990000,BEA,87,0 days 00:01:50.777000,6.0,1.0,,0 days 00:23:05.658000,0 days 00:00:38.499000,0 days 00:00:45.909000,0 days 00:00:26.369000,0 days 00:21:54.712000,0 days 00:22:40.621000,0 days 00:23:06.990000,245.0,245.0,,220.0,False,SOFT,6.0,True,Haas F1 Team,0 days 00:21:16.213000,,1,,,,False,False,Q
0 days 00:27:34.893000,BEA,87,,7.0,2.0,0 days 00:25:45.525000,,,0 days 00:00:47.355000,0 days 00:00:22.077000,,0 days 00:27:12.878000,0 days 00:27:35.123000,254.0,266.0,266.0,234.0,False,SOFT,1.0,True,Haas F1 Team,0 days 00:23:06.990000,,1,,,,False,False,Q
0 days 00:29:05.983000,BEA,87,0 days 00:01:31.090000,8.0,2.0,,,0 days 00:00:32.824000,0 days 00:00:40.421000,0 days 00:00:17.845000,0 days 00:28:07.717000,0 days 00:28:48.138000,0 days 00:29:05.983000,280.0,319.0,263.0,277.0,True,SOFT,2.0,True,Haas F1 Team,0 days 00:27:34.893000,,1,,,,False,True,Q
0 days 00:31:10.863000,BEA,87,0 days 00:02:04.880000,9.0,2.0,,0 days 00:31:09.593000,0 days 00:00:48.200000,0 days 00:00:50.393000,0 days 00:00:26.287000,0 days 00:29:54.183000,0 days 00:30:44.576000,0 days 00:31:10.863000,194.0,268.0,,216.0,False,SOFT,3.0,True,Haas F1 Team,0 days 00:29:05.983000,,1,,,,False,False,Q
0 days 00:14:28.190000,PER,11,,1.0,1.0,0 days 00:12:42.559000,,,0 days 00:00:44.652000,0 days 00:00:21.104000,,0 days 00:14:07.129000,0 days 00:14:28.438000,262.0,265.0,266.0,254.0,False,SOFT,1.0,True,Cadillac,0 days 00:12:42.559000,,1,,,,False,False,Q
0 days 00:16:00.978000,PER,11,0 days 00:01:32.788000,2.0,1.0,,,0 days 00:00:33.641000,0 days 00:00:40.983000,0 days 00:00:18.164000,0 days 00:15:01.831000,0 days 00:15:42.814000,0 days 00:16:00.978000,277.0,324.0,256.0,277.0,True,SOFT,2.0,True,Cadillac,0 days 00:14:28.190000,,1,,,,False,True,Q
0 days 00:17:51.816000,PER,11,0 days 00:01:50.838000,3.0,1.0,,0 days 00:17:50.132000,0 days 00:00:41.581000,0 days 00:00:45.705000,0 days 00:00:23.552000,0 days 00:16:42.559000,0 days 00:17:28.264000,0 days 00:17:51.816000,253.0,277.0,,263.0,False,SOFT,3.0,True,Cadillac,0 days 00:16:00.978000,,1,,,,False,False,Q
0 days 00:27:41.142000,PER,11,,4.0,2.0,0 days 00:25:50.634000,,,0 days 00:00:46.818000,0 days 00:00:25.676000,,0 days 00:27:15.534000,0 days 00:27:41.441000,269.0,214.0,262.0,240.0,False,SOFT,1.0,True,Cadillac,0 days 00:17:51.816000,,1,,,,False,False,Q
0 days 00:29:13.348000,PER,11,0 days 00:01:32.206000,5.0,2.0,,,0 days 00:00:33.512000,0 days 00:00:40.667000,0 days 00:00:18.027000,0 days 00:28:14.654000,0 days 00:28:55.321000,0 days 00:29:13.348000,279.0,328.0,250.0,283.0,True,SOFT,2.0,True,Cadillac,0 days 00:27:41.142000,,1,,,,False,True,Q
0 days 00:31:15.681000,PER,11,0 days 00:02:02.333000,6.0,2.0,,0 days 00:31:14.171000,0 days 00:00:46.504000,0 days 00:00:47.406000,0 days 00:00:28.423000,0 days 00:29:59.852000,0 days 00:30:47.258000,0 days 00:31:15.681000,254.0,276.0,,186.0,False,SOFT,3.0,True,Cadillac,0 days 00:29:13.348000,,1,,,,False,False,Q
0 days 00:14:07.126000,BOT,77,,1.0,1.0,0 days 00:12:16.453000,,,0 days 00:00:46.423000,0 days 00:00:22.689000,,0 days 00:13:44.458000,0 days 00:14:07.453000,261.0,258.0,268.0,183.0,False,SOFT,1.0,True,Cadillac,0 days 00:12:16.453000,,1,,,,False,False,Q
0 days 00:15:40.154000,BOT,77,0 days 00:01:33.028000,2.0,1.0,,,0 days 00:00:33.835000,0 days 00:00:41.216000,0 days 00:00:17.977000,0 days 00:14:40.961000,0 days 00:15:22.177000,0 days 00:15:40.154000,278.0,330.0,270.0,286.0,True,SOFT,2.0,True,Cadillac,0 days 00:14:07.126000,,1,,,,False,True,Q
0 days 00:17:37.993000,BOT,77,0 days 00:01:57.839000,3.0,1.0,,0 days 00:17:36.579000,0 days 00:00:44.749000,0 days 00:00:49.356000,0 days 00:00:23.734000,0 days 00:16:24.903000,0 days 00:17:14.259000,0 days 00:17:37.993000,195.0,279.0,,243.0,False,SOFT,3.0,True,Cadillac,0 days 00:15:40.154000,,1,,,,False,False,Q
0 days 00:21:26.776000,BOT,77,,4.0,2.0,0 days 00:19:33.784000,,,0 days 00:00:47.626000,0 days 00:00:26.720000,,0 days 00:21:00.140000,0 days 00:21:27.013000,271.0,255.0,263.0,177.0,False,SOFT,1.0,True,Cadillac,0 days 00:17:37.993000,,1,,,,False,False,Q
0 days 00:22:59.374000,BOT,77,0 days 00:01:32.598000,5.0,2.0,,,0 days 00:00:33.655000,0 days 00:00:40.961000,0 days 00:00:17.982000,0 days 00:22:00.431000,0 days 00:22:41.392000,0 days 00:22:59.374000,282.0,331.0,260.0,284.0,True,SOFT,2.0,True,Cadillac,0 days 00:21:26.776000,,1,,,,False,True,Q
0 days 00:24:44.967000,BOT,77,0 days 00:01:45.593000,6.0,2.0,,0 days 00:24:43.655000,0 days 00:00:36.615000,0 days 00:00:44.656000,0 days 00:00:24.322000,0 days 00:23:35.989000,0 days 00:24:20.645000,0 days 00:24:44.967000,257.0,277.0,,266.0,False,SOFT,3.0,True,Cadillac,0 days 00:22:59.374000,,1,,,,False,False,Q
0 days 00:29:15.542000,BOT,77,,7.0,3.0,0 days 00:27:21.573000,,,0 days 00:00:47.755000,0 days 00:00:24.237000,,0 days 00:28:51.336000,0 days 00:29:15.768000,272.0,278.0,270.0,265.0,False,SOFT,1.0,True,Cadillac,0 days 00:24:44.967000,,1,,,,False,False,Q
0 days 00:30:47.872000,BOT,77,0 days 00:01:32.330000,8.0,3.0,,,0 days 00:00:33.362000,0 days 00:00:41.021000,0 days 00:00:17.947000,0 days 00:29:48.904000,0 days 00:30:29.925000,0 days 00:30:47.872000,281.0,328.0,260.0,285.0,True,SOFT,2.0,True,Cadillac,0 days 00:29:15.542000,,1,,,,False,True,Q
0 days 00:32:42.292000,BOT,77,0 days 00:01:54.420000,9.0,3.0,,0 days 00:32:40.974000,0 days 00:00:41.430000,0 days 00:00:46.816000,0 days 00:00:26.174000,0 days 00:31:29.302000,0 days 00:32:16.118000,0 days 00:32:42.292000,252.0,272.0,,233.0,False,SOFT,3.0,True,Cadillac,0 days 00:30:47.872000,,1,,,,False,False,Q
0 days 00:13:49.503000,ALO,14,,1.0,1.0,0 days 00:11:57.006000,,,0 days 00:00:48.408000,0 days 00:00:22.201000,,0 days 00:13:27.353000,0 days 00:13:49.766000,252.0,257.0,256.0,234.0,False,SOFT,1.0,True,Aston Martin,0 days 00:11:57.006000,,1,,,,False,False,Q
0 days 00:15:23.349000,ALO,14,0 days 00:01:33.846000,2.0,1.0,,,0 days 00:00:34.058000,0 days 00:00:41.685000,0 days 00:00:18.103000,0 days 00:14:23.561000,0 days 00:15:05.246000,0 days 00:15:23.349000,267.0,329.0,249.0,282.0,True,SOFT,2.0,True,Aston Martin,0 days 00:13:49.503000,,1,,,,False,True,Q
0 days 00:17:10.344000,ALO,14,0 days 00:01:46.995000,3.0,1.0,,0 days 00:17:08.981000,0 days 00:00:36.952000,0 days 00:00:46.235000,0 days 00:00:23.808000,0 days 00:16:00.301000,0 days 00:16:46.536000,0 days 00:17:10.344000,239.0,265.0,,251.0,False,SOFT,3.0,True,Aston Martin,0 days 00:15:23.349000,,1,,,,False,False,Q
0 days 00:20:34.447000,ALO,14,,4.0,2.0,0 days 00:18:47.592000,,,0 days 00:00:46.727000,0 days 00:00:24.250000,,0 days 00:20:10.274000,0 days 00:20:34.689000,252.0,266.0,263.0,254.0,False,SOFT,1.0,True,Aston Martin,0 days 00:17:10.344000,,1,,,,False,False,Q
0 days 00:22:07.839000,ALO,14,0 days 00:01:33.392000,5.0,2.0,,,0 days 00:00:33.759000,0 days 00:00:41.491000,0 days 00:00:18.142000,0 days 00:21:08.206000,0 days 00:21:49.697000,0 days 00:22:07.839000,268.0,329.0,250.0,281.0,True,SOFT,2.0,True,Aston Martin,0 days 00:20:34.447000,,1,,,,False,True,Q
0 days 00:23:59.623000,ALO,14,0 days 00:01:51.784000,6.0,2.0,,0 days 00:23:58.256000,0 days 00:00:37.342000,0 days 00:00:47.839000,0 days 00:00:26.603000,0 days 00:22:45.181000,0 days 00:23:33.020000,0 days 00:23:59.623000,231.0,258.0,,236.0,False,SOFT,3.0,True,Aston Martin,0 days 00:22:07.839000,,1,,,,False,False,Q
0 days 00:28:31.045000,ALO,14,,7.0,3.0,0 days 00:26:33.060000,,,0 days 00:00:47.880000,0 days 00:00:23.460000,,0 days 00:28:07.608000,0 days 00:28:31.224000,250.0,244.0,255.0,243.0,False,SOFT,1.0,True,Aston Martin,0 days 00:23:59.623000,,1,,,,False,False,Q
0 days 00:30:03.691000,ALO,14,0 days 00:01:32.646000,8.0,3.0,,,0 days 00:00:33.536000,0 days 00:00:41.206000,0 days 00:00:17.904000,0 days 00:29:04.581000,0 days 00:29:45.787000,0 days 00:30:03.691000,270.0,328.0,254.0,280.0,True,SOFT,2.0,True,Aston Martin,0 days 00:28:31.045000,,1,,,,False,True,Q
0 days 00:32:02.722000,ALO,14,0 days 00:01:59.031000,9.0,3.0,,0 days 00:32:00.051000,0 days 00:00:41.490000,0 days 00:00:48.215000,0 days 00:00:29.326000,0 days 00:30:45.181000,0 days 00:31:33.396000,0 days 00:32:02.722000,223.0,243.0,,211.0,False,SOFT,3.0,True,Aston Martin,0 days 00:30:03.691000,,1,,,,False,False,Q
0 days 00:13:43.889000,STR,18,,1.0,1.0,0 days 00:11:49.304000,,,0 days 00:00:49.505000,0 days 00:00:21.937000,,0 days 00:13:21.952000,0 days 00:13:44.054000,249.0,246.0,258.0,244.0,False,SOFT,1.0,True,Aston Martin,0 days 00:11:49.304000,,1,,,,False,False,Q
0 days 00:15:18.297000,STR,18,0 days 00:01:34.408000,2.0,1.0,,,0 days 00:00:34.200000,0 days 00:00:41.990000,0 days 00:00:18.218000,0 days 00:14:18.089000,0 days 00:15:00.079000,0 days 00:15:18.297000,267.0,323.0,259.0,275.0,True,SOFT,2.0,True,Aston Martin,0 days 00:13:43.889000,,1,,,,False,True,Q
0 days 00:17:08.665000,STR,18,0 days 00:01:50.368000,3.0,1.0,,0 days 00:17:07.194000,0 days 00:00:38.472000,0 days 00:00:46.845000,0 days 00:00:25.051000,0 days 00:15:56.769000,0 days 00:16:43.614000,0 days 00:17:08.665000,239.0,259.0,,241.0,False,SOFT,3.0,True,Aston Martin,0 days 00:15:18.297000,,1,,,,False,False,Q
0 days 00:20:50.572000,STR,18,,4.0,2.0,0 days 00:18:49.812000,,,0 days 00:00:50.466000,0 days 00:00:26.475000,,0 days 00:20:24.175000,0 days 00:20:50.833000,250.0,248.0,259.0,86.0,False,SOFT,1.0,True,Aston Martin,0 days 00:17:08.665000,,1,,,,False,False,Q
0 days 00:22:23.492000,STR,18,0 days 00:01:32.920000,5.0,2.0,,,0 days 00:00:33.631000,0 days 00:00:41.341000,0 days 00:00:17.948000,0 days 00:21:24.203000,0 days 00:22:05.544000,0 days 00:22:23.492000,266.0,327.0,259.0,277.0,True,SOFT,2.0,True,Aston Martin,0 days 00:20:50.572000,,1,,,,False,True,Q
0 days 00:24:18.009000,STR,18,0 days 00:01:54.517000,6.0,2.0,,0 days 00:24:16.596000,0 days 00:00:39.835000,0 days 00:00:51.548000,0 days 00:00:23.134000,0 days 00:23:03.327000,0 days 00:23:54.875000,0 days 00:24:18.009000,238.0,261.0,,253.0,False,SOFT,3.0,True,Aston Martin,0 days 00:22:23.492000,,1,,,,False,False,Q
0 days 00:28:25.473000,STR,18,,7.0,3.0,0 days 00:26:15.218000,,,0 days 00:00:48.967000,0 days 00:00:25.053000,,0 days 00:28:00.569000,0 days 00:28:25.674000,248.0,239.0,258.0,245.0,False,SOFT,1.0,True,Aston Martin,0 days 00:24:18.009000,,1,,,,False,False,Q
0 days 00:29:58.806000,STR,18,0 days 00:01:33.333000,8.0,3.0,,,0 days 00:00:33.595000,0 days 00:00:41.546000,0 days 00:00:18.192000,0 days 00:28:59.068000,0 days 00:29:40.614000,0 days 00:29:58.806000,264.0,316.0,260.0,272.0,False,SOFT,2.0,True,Aston Martin,0 days 00:28:25.473000,,1,,,,False,True,Q
0 days 00:31:53.959000,STR,18,0 days 00:01:55.153000,9.0,3.0,,0 days 00:31:52.605000,0 days 00:00:40.136000,0 days 00:00:48.268000,0 days 00:00:26.749000,0 days 00:30:38.942000,0 days 00:31:27.210000,0 days 00:31:53.959000,236.0,207.0,,208.0,False,SOFT,3.0,True,Aston Martin,0 days 00:29:58.806000,,1,,,,False,False,Q
