Time,Driver,DriverNumber,LapTime,LapNumber,Stint,PitOutTime,PitInTime,Sector1Time,Sector2Time,Sector3Time,Sector1SessionTime,Sector2SessionTime,Sector3SessionTime,SpeedI1,SpeedI2,SpeedFL,SpeedST,IsPersonalBest,Compound,TyreLife,FreshTyre,Team,LapStartTime,LapStartDate,TrackStatus,Position,Deleted,DeletedReason,FastF1Generated,IsAccurate,Session
0 days 00:20:47.268000,GAS,10,,1.0,1.0,0 days 00:19:01.057000,,,0 days 00:00:36.765000,0 days 00:00:31.652000,,0 days 00:20:15.616000,0 days 00:20:47.516000,197.0,265.0,300.0,175.0,False,SOFT,1.0,True,Alpine,0 days 00:19:01.057000,2026-09-05 14:05:37.661,1,,,,False,False,Q
0 days 00:22:09.880000,GAS,10,0 days 00:01:22.612000,2.0,1.0,,,0 days 00:00:27,0 days 00:00:27.992000,0 days 00:00:27.620000,0 days 00:21:14.268000,0 days 00:21:42.260000,0 days 00:22:09.880000,308.0,327.0,290.0,331.0,True,SOFT,2.0,True,Alpine,0 days 00:20:47.268000,2026-09-05 14:07:23.872,1,,,,False,True,Q
0 days 00:24:07.228000,GAS,10,0 days 00:01:57.348000,3.0,1.0,,0 days 00:24:03.398000,0 days 00:00:36.360000,0 days 00:00:39.337000,0 days 00:00:41.651000,0 days 00:22:46.240000,0 days 00:23:25.577000,0 days 00:24:07.228000,212.0,265.0,,185.0,False,SOFT,3.0,True,Alpine,0 days 00:22:09.880000,2026-09-05 14:08:46.484,1,,,,False,False,Q
0 days 00:30:04.665000,GAS,10,,4.0,2.0,0 days 00:28:12.212000,,,0 days 00:00:35.205000,0 days 00:00:39.800000,,0 days 00:29:24.953000,0 days 00:30:04.844000,279.0,210.0,294.0,189.0,False,SOFT,4.0,False,Alpine,0 days 00:24:07.228000,2026-09-05 14:10:43.832,1,,,,False,False,Q
0 days 00:31:27.280000,GAS,10,0 days 00:01:22.615000,5.0,2.0,,,0 days 00:00:27.084000,0 days 00:00:27.992000,0 days 00:00:27.539000,0 days 00:30:31.749000,0 days 00:30:59.741000,0 days 00:31:27.280000,305.0,324.0,287.0,331.0,False,SOFT,5.0,False,Alpine,0 days 00:30:04.665000,2026-09-05 14:16:41.269,1,,,,False,True,Q
0 days 00:33:23.456000,GAS,10,0 days 00:01:56.176000,6.0,2.0,,0 days 00:33:19.638000,0 days 00:00:37.045000,0 days 00:00:37.951000,0 days 00:00:41.180000,0 days 00:32:04.325000,0 days 00:32:42.276000,0 days 00:33:23.456000,222.0,255.0,,187.0,False,SOFT,6.0,False,Alpine,0 days 00:31:27.280000,2026-09-05 14:18:03.884,1,,,,False,False,Q
0 days 00:44:44.425000,GAS,10,,7.0,3.0,0 days 00:43:03.464000,,,0 days 00:00:32.384000,0 days 00:00:30.704000,,0 days 00:44:13.774000,0 days 00:44:44.436000,291.0,290.0,290.0,186.0,False,SOFT,1.0,True,Alpine,0 days 00:33:23.456000,2026-09-05 14:20:00.060,12,,,,False,False,Q
0 days 00:46:06.551000,GAS,10,0 days 00:01:22.126000,8.0,3.0,,,0 days 00:00:26.972000,0 days 00:00:27.815000,0 days 00:00:27.339000,0 days 00:45:11.397000,0 days 00:45:39.212000,0 days 00:46:06.551000,306.0,325.0,287.0,330.0,True,SOFT,2.0,True,Alpine,0 days 00:44:44.425000,2026-09-05 14:31:21.029,1,,,,False,True,Q
0 days 00:48:01.392000,GAS,10,0 days 00:01:54.841000,9.0,3.0,,0 days 00:47:57.558000,0 days 00:00:35.901000,0 days 00:00:37.490000,0 days 00:00:41.450000,0 days 00:46:42.452000,0 days 00:47:19.942000,0 days 00:48:01.392000,222.0,270.0,,193.0,False,SOFT,3.0,True,Alpine,0 days 00:46:06.551000,2026-09-05 14:32:43.155,1,,,,False,False,Q
0 days 00:52:50.964000,GAS,10,,10.0,4.0,0 days 00:51:09.838000,,,0 days 00:00:32.452000,0 days 00:00:32.555000,,0 days 00:52:18.449000,0 days 00:52:51.164000,285.0,294.0,290.0,188.0,False,SOFT,1.0,True,Alpine,0 days 00:48:01.392000,2026-09-05 14:34:37.996,1,,,,False,False,Q
0 days 00:54:13.041000,GAS,10,0 days 00:01:22.077000,11.0,4.0,,,0 days 00:00:26.861000,0 days 00:00:27.801000,0 days 00:00:27.415000,0 days 00:53:17.825000,0 days 00:53:45.626000,0 days 00:54:13.041000,310.0,332.0,292.0,333.0,True,SOFT,2.0,True,Alpine,0 days 00:52:50.964000,2026-09-05 14:39:27.568,1,,,,False,True,Q
0 days 00:56:07.506000,GAS,10,0 days 00:01:54.465000,12.0,4.0,,0 days 00:56:03.702000,0 days 00:00:36.788000,0 days 00:00:37.051000,0 days 00:00:40.626000,0 days 00:54:49.829000,0 days 00:55:26.880000,0 days 00:56:07.506000,223.0,259.0,,226.0,False,SOFT,3.0,True,Alpine,0 days 00:54:13.041000,2026-09-05 14:40:49.645,12,,,,False,False,Q
0 days 01:02:20.089000,GAS,10,,13.0,5.0,0 days 01:00:43.266000,,,0 days 00:00:32.312000,0 days 00:00:31.425000,,0 days 01:01:48.770000,0 days 01:02:20.089000,267.0,266.0,292.0,234.0,False,SOFT,1.0,True,Alpine,0 days 00:56:07.506000,2026-09-05 14:42:44.110,21,,,,False,False,Q
0 days 01:03:42.090000,GAS,10,0 days 00:01:22.001000,14.0,5.0,,,0 days 00:00:26.828000,0 days 00:00:27.812000,0 days 00:00:27.361000,0 days 01:02:46.917000,0 days 01:03:14.729000,0 days 01:03:42.090000,307.0,325.0,289.0,331.0,True,SOFT,2.0,True,Alpine,0 days 01:02:20.089000,2026-09-05 14:48:56.693,1,,,,False,True,Q
0 days 01:05:36.443000,GAS,10,0 days 00:01:54.353000,15.0,5.0,,0 days 01:05:32.505000,0 days 00:00:36.712000,0 days 00:00:37.316000,0 days 00:00:40.325000,0 days 01:04:18.802000,0 days 01:04:56.118000,0 days 01:05:36.443000,243.0,244.0,,202.0,False,SOFT,3.0,True,Alpine,0 days 01:03:42.090000,2026-09-05 14:50:18.694,1,,,,False,False,Q
0 days 01:13:12.043000,GAS,10,,16.0,6.0,0 days 01:11:33.979000,,,0 days 00:00:31.952000,0 days 00:00:32.341000,,0 days 01:12:39.735000,0 days 01:13:12.192000,265.0,276.0,291.0,230.0,False,SOFT,1.0,True,Alpine,0 days 01:05:36.443000,2026-09-05 14:52:13.047,1,,,,False,False,Q
0 days 01:14:33.829000,GAS,10,0 days 00:01:21.786000,17.0,6.0,,,0 days 00:00:26.817000,0 days 00:00:27.706000,0 days 00:00:27.263000,0 days 01:13:38.860000,0 days 01:14:06.566000,0 days 01:14:33.829000,308.0,327.0,287.0,334.0,True,SOFT,2.0,True,Alpine,0 days 01:13:12.043000,2026-09-05 14:59:48.647,1,,,,False,True,Q
0 days 01:16:29.051000,GAS,10,,18.0,6.0,,0 days 01:16:29.051000,0 days 00:00:37.919000,0 days 00:00:36.752000,,0 days 01:15:11.802000,0 days 01:15:48.511000,,210.0,219.0,,200.0,False,SOFT,3.0,True,Alpine,0 days 01:14:33.829000,2026-09-05 15:01:10.433,1,,,,False,False,Q
0 days 00:20:32.291000,RUS,63,,1.0,1.0,0 days 00:18:52.863000,,,0 days 00:00:33.511000,0 days 00:00:31.727000,,0 days 00:20:00.630000,0 days 00:20:32.493000,282.0,268.0,297.0,255.0,False,MEDIUM,1.0,True,Mercedes,0 days 00:18:52.863000,2026-09-05 14:05:29.467,1,,,,False,False,Q
0 days 00:21:55.070000,RUS,63,0 days 00:01:22.779000,2.0,1.0,,,0 days 00:00:27.304000,0 days 00:00:27.938000,0 days 00:00:27.537000,0 days 00:20:59.595000,0 days 00:21:27.533000,0 days 00:21:55.070000,305.0,318.0,281.0,325.0,True,MEDIUM,2.0,True,Mercedes,0 days 00:20:32.291000,2026-09-05 14:07:08.895,1,,,,False,True,Q
0 days 00:23:54.252000,RUS,63,0 days 00:01:59.182000,3.0,1.0,,0 days 00:23:50.480000,0 days 00:00:39.475000,0 days 00:00:38.940000,0 days 00:00:40.767000,0 days 00:22:34.545000,0 days 00:23:13.485000,0 days 00:23:54.252000,272.0,242.0,,160.0,False,MEDIUM,3.0,True,Mercedes,0 days 00:21:55.070000,2026-09-05 14:08:31.674,1,,,,False,False,Q
0 days 00:29:56.653000,RUS,63,,4.0,2.0,0 days 00:28:05.633000,,,0 days 00:00:35.685000,0 days 00:00:36.865000,,0 days 00:29:19.828000,0 days 00:29:56.782000,280.0,280.0,295.0,219.0,False,MEDIUM,4.0,False,Mercedes,0 days 00:23:54.252000,2026-09-05 14:10:30.856,1,,,,False,False,Q
0 days 00:31:38.270000,RUS,63,0 days 00:01:41.617000,5.0,2.0,,0 days 00:31:34.447000,0 days 00:00:27.347000,0 days 00:00:32.789000,0 days 00:00:41.481000,0 days 00:30:24,0 days 00:30:56.789000,0 days 00:31:38.270000,304.0,235.0,,327.0,False,MEDIUM,5.0,False,Mercedes,0 days 00:29:56.653000,2026-09-05 14:16:33.257,1,,,,False,False,Q
0 days 00:44:38.764000,RUS,63,,6.0,3.0,0 days 00:42:57.965000,,,0 days 00:00:34.112000,0 days 00:00:31.721000,,0 days 00:44:07.114000,0 days 00:44:38.764000,273.0,265.0,294.0,271.0,False,SOFT,1.0,True,Mercedes,0 days 00:31:38.270000,2026-09-05 14:18:14.874,12,,,,False,False,Q
0 days 00:46:00.925000,RUS,63,0 days 00:01:22.161000,7.0,3.0,,,0 days 00:00:27.071000,0 days 00:00:27.770000,0 days 00:00:27.320000,0 days 00:45:05.835000,0 days 00:45:33.605000,0 days 00:46:00.925000,304.0,320.0,284.0,325.0,True,SOFT,2.0,True,Mercedes,0 days 00:44:38.764000,2026-09-05 14:31:15.368,1,,,,False,True,Q
0 days 00:47:50.366000,RUS,63,0 days 00:01:49.441000,8.0,3.0,,0 days 00:47:45.403000,0 days 00:00:33.412000,0 days 00:00:35.973000,0 days 00:00:40.056000,0 days 00:46:34.337000,0 days 00:47:10.310000,0 days 00:47:50.366000,268.0,288.0,,239.0,False,SOFT,3.0,True,Mercedes,0 days 00:46:00.925000,2026-09-05 14:32:37.529,1,,,,False,False,Q
0 days 00:52:40.203000,RUS,63,,9.0,4.0,0 days 00:50:57.366000,,,0 days 00:00:34.436000,0 days 00:00:32.591000,,0 days 00:52:07.652000,0 days 00:52:40.404000,286.0,155.0,295.0,258.0,False,SOFT,1.0,True,Mercedes,0 days 00:47:50.366000,2026-09-05 14:34:26.970,1,,,,False,False,Q
0 days 00:54:03.058000,RUS,63,0 days 00:01:22.855000,10.0,4.0,,,0 days 00:00:27.575000,0 days 00:00:27.878000,0 days 00:00:27.402000,0 days 00:53:07.778000,0 days 00:53:35.656000,0 days 00:54:03.058000,306.0,322.0,285.0,330.0,False,SOFT,2.0,True,Mercedes,0 days 00:52:40.203000,2026-09-05 14:39:16.807,1,,,,False,True,Q
0 days 00:55:51.002000,RUS,63,0 days 00:01:47.944000,11.0,4.0,,0 days 00:55:47.264000,0 days 00:00:35.906000,0 days 00:00:34.721000,0 days 00:00:37.317000,0 days 00:54:38.964000,0 days 00:55:13.685000,0 days 00:55:51.002000,270.0,287.0,,197.0,False,SOFT,3.0,True,Mercedes,0 days 00:54:03.058000,2026-09-05 14:40:39.662,12,,,,False,False,Q
0 days 01:02:11.249000,RUS,63,,12.0,5.0,0 days 01:00:34.047000,,,0 days 00:00:32.770000,0 days 00:00:31.139000,,0 days 01:01:40.272000,0 days 01:02:11.370000,279.0,210.0,297.0,273.0,False,SOFT,1.0,True,Mercedes,0 days 00:55:51.002000,2026-09-05 14:42:27.606,21,,,,False,False,Q
0 days 01:03:33.178000,RUS,63,0 days 00:01:21.929000,13.0,5.0,,,0 days 00:00:26.793000,0 days 00:00:27.777000,0 days 00:00:27.359000,0 days 01:02:38.042000,0 days 01:03:05.819000,0 days 01:03:33.178000,302.0,316.0,285.0,338.0,True,SOFT,2.0,True,Mercedes,0 days 01:02:11.249000,2026-09-05 14:48:47.853,1,,,,False,True,Q
0 days 01:05:18.524000,RUS,63,0 days 00:01:45.346000,14.0,5.0,,0 days 01:05:14.776000,0 days 00:00:33.323000,0 days 00:00:34.029000,0 days 00:00:37.994000,0 days 01:04:06.501000,0 days 01:04:40.530000,0 days 01:05:18.524000,274.0,284.0,,255.0,False,SOFT,3.0,True,Mercedes,0 days 01:03:33.178000,2026-09-05 14:50:09.782,1,,,,False,False,Q
0 days 01:13:01.450000,RUS,63,,15.0,6.0,0 days 01:11:24.051000,,,0 days 00:00:31.921000,0 days 00:00:33.168000,,0 days 01:12:28.282000,0 days 01:13:01.546000,286.0,276.0,293.0,268.0,False,SOFT,1.0,True,Mercedes,0 days 01:05:18.524000,2026-09-05 14:51:55.128,1,,,,False,False,Q
0 days 01:14:23.296000,RUS,63,0 days 00:01:21.846000,16.0,6.0,,,0 days 00:00:27.006000,0 days 00:00:27.596000,0 days 00:00:27.244000,0 days 01:13:28.456000,0 days 01:13:56.052000,0 days 01:14:23.296000,306.0,328.0,286.0,336.0,True,SOFT,2.0,True,Mercedes,0 days 01:13:01.450000,2026-09-05 14:59:38.054,1,,,,False,True,Q
0 days 01:16:18.973000,RUS,63,,17.0,6.0,,0 days 01:16:18.973000,0 days 00:00:41.264000,0 days 00:00:36.601000,,0 days 01:15:04.489000,0 days 01:15:41.293000,,247.0,219.0,,138.0,False,SOFT,3.0,True,Mercedes,0 days 01:14:23.296000,2026-09-05 15:00:59.900,1,,,,False,False,Q
0 days 00:16:54.762000,PIA,81,,1.0,1.0,0 days 00:15:17.698000,,,0 days 00:00:30.914000,0 days 00:00:31.386000,,0 days 00:16:23.515000,0 days 00:16:54.996000,303.0,293.0,292.0,168.0,False,SOFT,1.0,True,McLaren,0 days 00:15:17.698000,2026-09-05 14:01:54.302,1,,,,False,False,Q
0 days 00:18:17.686000,PIA,81,0 days 00:01:22.924000,2.0,1.0,,,0 days 00:00:27.260000,0 days 00:00:27.998000,0 days 00:00:27.666000,0 days 00:17:22.022000,0 days 00:17:50.020000,0 days 00:18:17.686000,305.0,321.0,286.0,322.0,True,SOFT,2.0,True,McLaren,0 days 00:16:54.762000,2026-09-05 14:03:31.366,1,,,,False,True,Q
0 days 00:20:17.703000,PIA,81,0 days 00:02:00.017000,3.0,1.0,,0 days 00:20:12.398000,0 days 00:00:42.280000,0 days 00:00:36.983000,0 days 00:00:40.754000,0 days 00:18:59.966000,0 days 00:19:36.949000,0 days 00:20:17.703000,226.0,280.0,,168.0,False,SOFT,3.0,True,McLaren,0 days 00:18:17.686000,2026-09-05 14:04:54.290,1,,,,False,False,Q
0 days 00:29:30.284000,PIA,81,,4.0,2.0,0 days 00:27:56.508000,,,0 days 00:00:30.493000,0 days 00:00:31.635000,,0 days 00:28:58.795000,0 days 00:29:30.454000,307.0,262.0,289.0,219.0,False,SOFT,4.0,False,McLaren,0 days 00:20:17.703000,2026-09-05 14:06:54.307,1,,,,False,False,Q
0 days 00:31:18.132000,PIA,81,0 days 00:01:47.848000,5.0,2.0,,,0 days 00:00:33.384000,0 days 00:00:37.598000,0 days 00:00:36.866000,0 days 00:30:03.668000,0 days 00:30:41.266000,0 days 00:31:18.132000,231.0,247.0,295.0,318.0,False,SOFT,5.0,False,McLaren,0 days 00:29:30.284000,2026-09-05 14:16:06.888,1,,,,False,True,Q
0 days 00:32:41.119000,PIA,81,0 days 00:01:22.987000,6.0,2.0,,,0 days 00:00:27.182000,0 days 00:00:28.063000,0 days 00:00:27.742000,0 days 00:31:45.314000,0 days 00:32:13.377000,0 days 00:32:41.119000,301.0,315.0,283.0,327.0,False,SOFT,6.0,False,McLaren,0 days 00:31:18.132000,2026-09-05 14:17:54.736,1,,,,False,True,Q
0 days 00:34:24.941000,PIA,81,0 days 00:01:43.822000,7.0,2.0,,0 days 00:34:21.146000,0 days 00:00:32.622000,0 days 00:00:32.786000,0 days 00:00:38.414000,0 days 00:33:13.741000,0 days 00:33:46.527000,0 days 00:34:24.941000,262.0,264.0,,293.0,False,SOFT,7.0,False,McLaren,0 days 00:32:41.119000,2026-09-05 14:19:17.723,12,,,,False,False,Q
0 days 00:45:01.527000,PIA,81,,8.0,3.0,0 days 00:43:20.808000,,,0 days 00:00:31.256000,0 days 00:00:31.234000,,0 days 00:44:30.450000,0 days 00:45:01.527000,294.0,294.0,295.0,206.0,False,SOFT,1.0,True,McLaren,0 days 00:34:24.941000,2026-09-05 14:21:01.545,21,,,,False,False,Q
0 days 00:46:23.544000,PIA,81,0 days 00:01:22.017000,9.0,3.0,,,0 days 00:00:26.994000,0 days 00:00:27.745000,0 days 00:00:27.278000,0 days 00:45:28.521000,0 days 00:45:56.266000,0 days 00:46:23.544000,306.0,324.0,287.0,326.0,True,SOFT,2.0,True,McLaren,0 days 00:45:01.527000,2026-09-05 14:31:38.131,1,,,,False,True,Q
0 days 00:48:11.998000,PIA,81,0 days 00:01:48.454000,10.0,3.0,,0 days 00:48:08.168000,0 days 00:00:35.440000,0 days 00:00:33.973000,0 days 00:00:39.041000,0 days 00:46:58.984000,0 days 00:47:32.957000,0 days 00:48:11.998000,263.0,264.0,,215.0,False,SOFT,3.0,True,McLaren,0 days 00:46:23.544000,2026-09-05 14:33:00.148,1,,,,False,False,Q
0 days 00:52:46.320000,PIA,81,,11.0,4.0,0 days 00:51:04.563000,,,0 days 00:00:30.012000,0 days 00:00:33.390000,,0 days 00:52:12.996000,0 days 00:52:46.476000,286.0,295.0,293.0,204.0,False,SOFT,4.0,False,McLaren,0 days 00:48:11.998000,2026-09-05 14:34:48.602,1,,,,False,False,Q
0 days 00:54:08.577000,PIA,81,0 days 00:01:22.257000,12.0,4.0,,,0 days 00:00:27.012000,0 days 00:00:27.769000,0 days 00:00:27.476000,0 days 00:53:13.332000,0 days 00:53:41.101000,0 days 00:54:08.577000,307.0,323.0,286.0,325.0,False,SOFT,5.0,False,McLaren,0 days 00:52:46.320000,2026-09-05 14:39:22.924,1,,,,False,True,Q
0 days 00:55:58.725000,PIA,81,0 days 00:01:50.148000,13.0,4.0,,0 days 00:55:54.749000,0 days 00:00:35.931000,0 days 00:00:34.822000,0 days 00:00:39.395000,0 days 00:54:44.508000,0 days 00:55:19.330000,0 days 00:55:58.725000,256.0,260.0,,203.0,False,SOFT,6.0,False,McLaren,0 days 00:54:08.577000,2026-09-05 14:40:45.181,12,,,,False,False,Q
0 days 01:02:16.823000,PIA,81,,14.0,5.0,0 days 01:00:41.250000,,,0 days 00:00:30.121000,0 days 00:00:32.684000,,0 days 01:01:44.333000,0 days 01:02:16.917000,298.0,254.0,295.0,251.0,False,SOFT,1.0,True,McLaren,0 days 00:55:58.725000,2026-09-05 14:42:35.329,21,,,,False,False,Q
0 days 01:03:38.789000,PIA,81,0 days 00:01:21.966000,15.0,5.0,,,0 days 00:00:26.931000,0 days 00:00:27.742000,0 days 00:00:27.293000,0 days 01:02:43.754000,0 days 01:03:11.496000,0 days 01:03:38.789000,308.0,323.0,286.0,325.0,True,SOFT,2.0,True,McLaren,0 days 01:02:16.823000,2026-09-05 14:48:53.427,1,,,,False,True,Q
0 days 01:05:25.514000,PIA,81,0 days 00:01:46.725000,16.0,5.0,,0 days 01:05:21.635000,0 days 00:00:34.740000,0 days 00:00:33.452000,0 days 00:00:38.533000,0 days 01:04:13.529000,0 days 01:04:46.981000,0 days 01:05:25.514000,260.0,262.0,,195.0,False,SOFT,3.0,True,McLaren,0 days 01:03:38.789000,2026-09-05 14:50:15.393,1,,,,False,False,Q
0 days 01:12:43.267000,PIA,81,,17.0,6.0,0 days 01:11:14.250000,,,0 days 00:00:29.541000,0 days 00:00:31.146000,,0 days 01:12:12.126000,0 days 01:12:43.298000,287.0,257.0,287.0,265.0,False,SOFT,1.0,True,McLaren,0 days 01:05:25.514000,2026-09-05 14:52:02.118,1,,,,False,False,Q
0 days 01:14:17.980000,PIA,81,,18.0,6.0,,0 days 01:14:17.980000,0 days 00:00:33.160000,0 days 00:00:30.629000,,0 days 01:13:16.323000,0 days 01:13:46.940000,,277.0,310.0,,315.0,False,SOFT,2.0,True,McLaren,0 days 01:12:43.267000,2026-09-05 14:59:19.871,1,,,,False,False,Q
0 days 00:16:30.645000,LEC,16,,1.0,1.0,0 days 00:14:50.738000,,,0 days 00:00:35.707000,0 days 00:00:31.643000,,0 days 00:15:59.062000,0 days 00:16:30.853000,280.0,207.0,295.0,183.0,False,SOFT,1.0,True,Ferrari,0 days 00:14:50.738000,2026-09-05 14:01:27.342,1,,,,False,False,Q
0 days 00:17:53.640000,LEC,16,0 days 00:01:22.995000,2.0,1.0,,,0 days 00:00:27.323000,0 days 00:00:28.228000,0 days 00:00:27.444000,0 days 00:16:57.968000,0 days 00:17:26.196000,0 days 00:17:53.640000,298.0,314.0,284.0,325.0,True,SOFT,2.0,True,Ferrari,0 days 00:16:30.645000,2026-09-05 14:03:07.249,1,,,,False,True,Q
0 days 00:19:50.160000,LEC,16,0 days 00:01:56.520000,3.0,1.0,,0 days 00:19:46.426000,0 days 00:00:37.319000,0 days 00:00:39.042000,0 days 00:00:40.159000,0 days 00:18:30.959000,0 days 00:19:10.001000,0 days 00:19:50.160000,241.0,229.0,,176.0,False,SOFT,3.0,True,Ferrari,0 days 00:17:53.640000,2026-09-05 14:04:30.244,1,,,,False,False,Q
0 days 00:22:00.930000,LEC,16,0 days 00:02:10.770000,4.0,2.0,0 days 00:20:08.995000,,0 days 00:01:01.265000,0 days 00:00:35.742000,0 days 00:00:33.763000,0 days 00:20:51.425000,0 days 00:21:27.167000,0 days 00:22:00.930000,246.0,185.0,292.0,130.0,False,SOFT,4.0,False,Ferrari,0 days 00:19:50.160000,2026-09-05 14:06:26.764,1,,,,False,False,Q
0 days 00:23:23.832000,LEC,16,0 days 00:01:22.902000,5.0,2.0,,,0 days 00:00:27.297000,0 days 00:00:28.098000,0 days 00:00:27.507000,0 days 00:22:28.227000,0 days 00:22:56.325000,0 days 00:23:23.832000,298.0,314.0,279.0,319.0,True,SOFT,5.0,False,Ferrari,0 days 00:22:00.930000,2026-09-05 14:08:37.534,1,,,,False,True,Q
0 days 00:25:06.817000,LEC,16,0 days 00:01:42.985000,6.0,2.0,,0 days 00:25:01.744000,0 days 00:00:31.051000,0 days 00:00:32.240000,0 days 00:00:39.694000,0 days 00:23:54.883000,0 days 00:24:27.123000,0 days 00:25:06.817000,274.0,294.0,,268.0,False,SOFT,6.0,False,Ferrari,0 days 00:23:23.832000,2026-09-05 14:10:00.436,1,,,,False,False,Q
0 days 00:44:50.378000,LEC,16,,7.0,3.0,0 days 00:43:07.610000,,,0 days 00:00:31.766000,0 days 00:00:30.978000,,0 days 00:44:19.492000,0 days 00:44:50.405000,274.0,264.0,295.0,200.0,False,SOFT,7.0,False,Ferrari,0 days 00:25:06.817000,2026-09-05 14:11:43.421,12,,,,False,False,Q
0 days 00:46:12.887000,LEC,16,0 days 00:01:22.509000,8.0,3.0,,,0 days 00:00:27.185000,0 days 00:00:28.109000,0 days 00:00:27.215000,0 days 00:45:17.563000,0 days 00:45:45.672000,0 days 00:46:12.887000,299.0,318.0,285.0,327.0,True,SOFT,8.0,False,Ferrari,0 days 00:44:50.378000,2026-09-05 14:31:26.982,1,,,,False,True,Q
0 days 00:47:54.492000,LEC,16,0 days 00:01:41.605000,9.0,3.0,,0 days 00:47:50.871000,0 days 00:00:31.950000,0 days 00:00:32.263000,0 days 00:00:37.392000,0 days 00:46:44.837000,0 days 00:47:17.100000,0 days 00:47:54.492000,281.0,291.0,,228.0,False,SOFT,9.0,False,Ferrari,0 days 00:46:12.887000,2026-09-05 14:32:49.491,1,,,,False,False,Q
0 days 00:52:24.448000,LEC,16,,10.0,4.0,0 days 00:50:47.407000,,,0 days 00:00:31.969000,0 days 00:00:32.065000,,0 days 00:51:52.478000,0 days 00:52:24.558000,275.0,286.0,292.0,204.0,False,SOFT,1.0,True,Ferrari,0 days 00:47:54.492000,2026-09-05 14:34:31.096,1,,,,False,False,Q
0 days 00:53:47.375000,LEC,16,0 days 00:01:22.927000,11.0,4.0,,,0 days 00:00:27.416000,0 days 00:00:27.888000,0 days 00:00:27.623000,0 days 00:52:51.864000,0 days 00:53:19.752000,0 days 00:53:47.375000,293.0,309.0,283.0,319.0,False,SOFT,2.0,True,Ferrari,0 days 00:52:24.448000,2026-09-05 14:39:01.052,1,,,,False,True,Q
0 days 00:55:34.031000,LEC,16,0 days 00:01:46.656000,12.0,4.0,,0 days 00:55:30.202000,0 days 00:00:34.991000,0 days 00:00:33.188000,0 days 00:00:38.477000,0 days 00:54:22.366000,0 days 00:54:55.554000,0 days 00:55:34.031000,254.0,290.0,,193.0,False,SOFT,3.0,True,Ferrari,0 days 00:53:47.375000,2026-09-05 14:40:23.979,12,,,,False,False,Q
0 days 01:02:31.500000,LEC,16,,13.0,5.0,0 days 01:00:54.360000,,,0 days 00:00:31.734000,0 days 00:00:31.795000,,0 days 01:01:59.788000,0 days 01:02:31.778000,276.0,280.0,296.0,210.0,False,SOFT,1.0,True,Ferrari,0 days 00:55:34.031000,2026-09-05 14:42:10.635,21,,,,False,False,Q
0 days 01:03:53.504000,LEC,16,0 days 00:01:22.004000,14.0,5.0,,,0 days 00:00:26.982000,0 days 00:00:27.941000,0 days 00:00:27.081000,0 days 01:02:58.482000,0 days 01:03:26.423000,0 days 01:03:53.504000,298.0,316.0,285.0,328.0,True,SOFT,2.0,True,Ferrari,0 days 01:02:31.500000,2026-09-05 14:49:08.104,1,,,,False,True,Q
0 days 01:05:38.694000,LEC,16,0 days 00:01:45.190000,15.0,5.0,,0 days 01:05:34.925000,0 days 00:00:34.038000,0 days 00:00:34.078000,0 days 00:00:37.074000,0 days 01:04:27.542000,0 days 01:05:01.620000,0 days 01:05:38.694000,271.0,240.0,,182.0,False,SOFT,3.0,True,Ferrari,0 days 01:03:53.504000,2026-09-05 14:50:30.108,1,,,,False,False,Q
0 days 01:13:06.760000,LEC,16,,16.0,6.0,0 days 01:11:28.707000,,,0 days 00:00:31.383000,0 days 00:00:31.358000,,0 days 01:12:35.407000,0 days 01:13:07.014000,275.0,270.0,294.0,216.0,False,SOFT,1.0,True,Ferrari,0 days 01:05:38.694000,2026-09-05 14:52:15.298,1,,,,False,False,Q
0 days 01:14:28.906000,LEC,16,0 days 00:01:22.146000,17.0,6.0,,,0 days 00:00:27.087000,0 days 00:00:27.918000,0 days 00:00:27.141000,0 days 01:13:33.847000,0 days 01:14:01.765000,0 days 01:14:28.906000,300.0,317.0,283.0,328.0,False,SOFT,2.0,True,Ferrari,0 days 01:13:06.760000,2026-09-05 14:59:43.364,1,,,,False,True,Q
0 days 01:16:22.343000,LEC,16,,18.0,6.0,,0 days 01:16:22.343000,0 days 00:00:39.470000,0 days 00:00:36.223000,,0 days 01:15:08.489000,0 days 01:15:44.652000,,241.0,228.0,,145.0,False,SOFT,3.0,True,Ferrari,0 days 01:14:28.906000,2026-09-05 15:01:05.510,1,,,,False,False,Q
0 days 00:16:34.793000,HAM,44,,1.0,1.0,0 days 00:14:52.897000,,,0 days 00:00:33.025000,0 days 00:00:32.811000,,0 days 00:16:01.984000,0 days 00:16:34.884000,254.0,218.0,292.0,111.0,False,SOFT,1.0,True,Ferrari,0 days 00:14:52.897000,2026-09-05 14:01:29.501,1,,,,False,False,Q
0 days 00:17:57.640000,HAM,44,0 days 00:01:22.847000,2.0,1.0,,,0 days 00:00:27.282000,0 days 00:00:28.042000,0 days 00:00:27.523000,0 days 00:17:02.075000,0 days 00:17:30.117000,0 days 00:17:57.640000,297.0,315.0,282.0,324.0,True,SOFT,2.0,True,Ferrari,0 days 00:16:34.793000,2026-09-05 14:03:11.397,1,,,,False,True,Q
0 days 00:19:58.241000,HAM,44,0 days 00:02:00.601000,3.0,1.0,,0 days 00:19:54.364000,0 days 00:00:38.962000,0 days 00:00:40.361000,0 days 00:00:41.278000,0 days 00:18:36.602000,0 days 00:19:16.963000,0 days 00:19:58.241000,236.0,169.0,,159.0,False,SOFT,3.0,True,Ferrari,0 days 00:17:57.640000,2026-09-05 14:04:34.244,1,,,,False,False,Q
0 days 00:44:58.435000,HAM,44,,4.0,2.0,0 days 00:43:16.543000,,,0 days 00:00:31.338000,0 days 00:00:30.397000,,0 days 00:44:28.117000,0 days 00:44:58.584000,260.0,286.0,292.0,194.0,False,SOFT,4.0,False,Ferrari,0 days 00:19:58.241000,2026-09-05 14:06:34.845,12,,,,False,False,Q
0 days 00:46:21.059000,HAM,44,0 days 00:01:22.624000,5.0,2.0,,,0 days 00:00:27.178000,0 days 00:00:28.031000,0 days 00:00:27.415000,0 days 00:45:25.613000,0 days 00:45:53.644000,0 days 00:46:21.059000,296.0,313.0,280.0,323.0,True,SOFT,5.0,False,Ferrari,0 days 00:44:58.435000,2026-09-05 14:31:35.039,1,,,,False,True,Q
0 days 00:48:02.290000,HAM,44,0 days 00:01:41.231000,6.0,2.0,,0 days 00:47:58.605000,0 days 00:00:32.068000,0 days 00:00:32.313000,0 days 00:00:36.850000,0 days 00:46:53.127000,0 days 00:47:25.440000,0 days 00:48:02.290000,276.0,285.0,,233.0,False,SOFT,6.0,False,Ferrari,0 days 00:46:21.059000,2026-09-05 14:32:57.663,1,,,,False,False,Q
0 days 00:52:26.804000,HAM,44,,7.0,3.0,0 days 00:50:48.641000,,,0 days 00:00:31.788000,0 days 00:00:32.450000,,0 days 00:51:54.494000,0 days 00:52:27.386000,274.0,265.0,292.0,169.0,False,SOFT,1.0,True,Ferrari,0 days 00:48:02.290000,2026-09-05 14:34:38.894,1,,,,False,False,Q
0 days 00:53:49.320000,HAM,44,0 days 00:01:22.516000,8.0,3.0,,,0 days 00:00:27.124000,0 days 00:00:28.036000,0 days 00:00:27.356000,0 days 00:52:53.928000,0 days 00:53:21.964000,0 days 00:53:49.320000,298.0,314.0,283.0,325.0,True,SOFT,2.0,True,Ferrari,0 days 00:52:26.804000,2026-09-05 14:39:03.408,1,,,,False,True,Q
0 days 00:55:40.942000,HAM,44,0 days 00:01:51.622000,9.0,3.0,,0 days 00:55:37.077000,0 days 00:00:39.356000,0 days 00:00:34.461000,0 days 00:00:37.805000,0 days 00:54:28.676000,0 days 00:55:03.137000,0 days 00:55:40.942000,263.0,246.0,,151.0,False,SOFT,3.0,True,Ferrari,0 days 00:53:49.320000,2026-09-05 14:40:25.924,12,,,,False,False,Q
0 days 01:02:54.690000,HAM,44,,10.0,4.0,0 days 01:01:21.994000,,,0 days 00:00:31.523000,0 days 00:00:30.410000,,0 days 01:02:24.309000,0 days 01:02:54.966000,274.0,286.0,291.0,219.0,False,SOFT,1.0,True,Ferrari,0 days 00:55:40.942000,2026-09-05 14:42:17.546,21,,,,False,False,Q
0 days 01:04:17.414000,HAM,44,0 days 00:01:22.724000,11.0,4.0,,,0 days 00:00:27.355000,0 days 00:00:27.934000,0 days 00:00:27.435000,0 days 01:03:22.045000,0 days 01:03:49.979000,0 days 01:04:17.414000,293.0,310.0,279.0,320.0,True,SOFT,2.0,True,Ferrari,0 days 01:02:54.690000,2026-09-05 14:49:31.294,1,,,,False,True,Q
0 days 01:05:55.979000,HAM,44,0 days 00:01:38.565000,12.0,4.0,,0 days 01:05:52.178000,0 days 00:00:32.384000,0 days 00:00:31.298000,0 days 00:00:34.883000,0 days 01:04:49.798000,0 days 01:05:21.096000,0 days 01:05:55.979000,255.0,273.0,,215.0,False,SOFT,3.0,True,Ferrari,0 days 01:04:17.414000,2026-09-05 14:50:54.018,1,,,,False,False,Q
0 days 01:13:09.162000,HAM,44,,13.0,5.0,0 days 01:11:31.780000,,,0 days 00:00:31.658000,0 days 00:00:31.541000,,0 days 01:12:37.642000,0 days 01:13:09.407000,263.0,262.0,294.0,212.0,False,SOFT,1.0,True,Ferrari,0 days 01:05:55.979000,2026-09-05 14:52:32.583,1,,,,False,False,Q
0 days 01:14:31.173000,HAM,44,0 days 00:01:22.011000,14.0,5.0,,,0 days 00:00:26.925000,0 days 00:00:27.867000,0 days 00:00:27.219000,0 days 01:13:36.087000,0 days 01:14:03.954000,0 days 01:14:31.173000,300.0,318.0,283.0,330.0,True,SOFT,2.0,True,Ferrari,0 days 01:13:09.162000,2026-09-05 14:59:45.766,1,,,,False,True,Q
0 days 01:16:24.971000,HAM,44,,15.0,5.0,,0 days 01:16:24.971000,0 days 00:00:38.519000,0 days 00:00:36.034000,,0 days 01:15:09.708000,0 days 01:15:45.777000,,228.0,228.0,,142.0,False,SOFT,3.0,True,Ferrari,0 days 01:14:31.173000,2026-09-05 15:01:07.777,1,,,,False,False,Q
0 days 00:16:45.765000,VER,3,,1.0,1.0,0 days 00:15:09.368000,,,0 days 00:00:30.898000,0 days 00:00:30.286000,,0 days 00:16:15.574000,0 days 00:16:46.035000,272.0,308.0,296.0,136.0,False,SOFT,1.0,True,Red Bull Racing,0 days 00:15:09.368000,2026-09-05 14:01:45.972,1,,,,False,False,Q
0 days 00:18:08.396000,VER,3,0 days 00:01:22.631000,2.0,1.0,,,0 days 00:00:27.157000,0 days 00:00:27.992000,0 days 00:00:27.482000,0 days 00:17:12.922000,0 days 00:17:40.914000,0 days 00:18:08.396000,302.0,315.0,288.0,325.0,True,SOFT,2.0,True,Red Bull Racing,0 days 00:16:45.765000,2026-09-05 14:03:22.369,1,,,,False,True,Q
0 days 00:20:02.211000,VER,3,0 days 00:01:53.815000,3.0,1.0,,0 days 00:19:58.477000,0 days 00:00:42.689000,0 days 00:00:35.279000,0 days 00:00:35.847000,0 days 00:18:51.085000,0 days 00:19:26.364000,0 days 00:20:02.211000,261.0,292.0,,131.0,False,SOFT,3.0,True,Red Bull Racing,0 days 00:18:08.396000,2026-09-05 14:04:45.000,1,,,,False,False,Q
0 days 00:40:31.599000,VER,3,,4.0,2.0,0 days 00:38:54.075000,,,0 days 00:00:32.562000,0 days 00:00:31.532000,,0 days 00:40:00.260000,0 days 00:40:31.713000,270.0,281.0,293.0,209.0,False,SOFT,4.0,False,Red Bull Racing,0 days 00:20:02.211000,2026-09-05 14:06:38.815,12,,,,False,False,Q
0 days 00:41:54.172000,VER,3,0 days 00:01:22.573000,5.0,2.0,,,0 days 00:00:27.198000,0 days 00:00:28.016000,0 days 00:00:27.359000,0 days 00:40:58.797000,0 days 00:41:26.813000,0 days 00:41:54.172000,301.0,313.0,288.0,320.0,True,SOFT,5.0,False,Red Bull Racing,0 days 00:40:31.599000,2026-09-05 14:27:08.203,1,,,,False,True,Q
0 days 00:43:33.120000,VER,3,0 days 00:01:38.948000,6.0,2.0,,0 days 00:43:28.422000,0 days 00:00:32.584000,0 days 00:00:30.708000,0 days 00:00:35.656000,0 days 00:42:26.756000,0 days 00:42:57.464000,0 days 00:43:33.120000,282.0,299.0,,257.0,False,SOFT,6.0,False,Red Bull Racing,0 days 00:41:54.172000,2026-09-05 14:28:30.776,1,,,,False,False,Q
0 days 00:47:58.651000,VER,3,,7.0,3.0,0 days 00:46:18.418000,,,0 days 00:00:32.049000,0 days 00:00:34.771000,,0 days 00:47:24.043000,0 days 00:47:58.918000,281.0,300.0,294.0,207.0,False,SOFT,1.0,True,Red Bull Racing,0 days 00:43:33.120000,2026-09-05 14:30:09.724,1,,,,False,False,Q
0 days 00:49:20.839000,VER,3,0 days 00:01:22.188000,8.0,3.0,,,0 days 00:00:27.129000,0 days 00:00:27.886000,0 days 00:00:27.173000,0 days 00:48:25.780000,0 days 00:48:53.666000,0 days 00:49:20.839000,302.0,313.0,289.0,322.0,True,SOFT,2.0,True,Red Bull Racing,0 days 00:47:58.651000,2026-09-05 14:34:35.255,1,,,,False,True,Q
0 days 00:51:10.868000,VER,3,0 days 00:01:50.029000,9.0,3.0,,,0 days 00:00:38.297000,0 days 00:00:35.500000,0 days 00:00:36.232000,0 days 00:49:59.136000,0 days 00:50:34.636000,0 days 00:51:10.868000,258.0,230.0,287.0,201.0,False,SOFT,3.0,True,Red Bull Racing,0 days 00:49:20.839000,2026-09-05 14:35:57.443,1,,,,False,True,Q
0 days 00:52:40.212000,VER,3,0 days 00:01:29.344000,10.0,3.0,,,0 days 00:00:27.575000,0 days 00:00:28.065000,0 days 00:00:33.704000,0 days 00:51:38.443000,0 days 00:52:06.508000,0 days 00:52:40.212000,301.0,315.0,189.0,314.0,False,SOFT,4.0,True,Red Bull Racing,0 days 00:51:10.868000,2026-09-05 14:37:47.472,1,,,,False,True,Q
0 days 00:54:33.648000,VER,3,0 days 00:01:53.436000,11.0,3.0,,0 days 00:54:29.941000,0 days 00:00:37.730000,0 days 00:00:38.202000,0 days 00:00:37.504000,0 days 00:53:17.942000,0 days 00:53:56.144000,0 days 00:54:33.648000,171.0,290.0,,190.0,False,SOFT,5.0,True,Red Bull Racing,0 days 00:52:40.212000,2026-09-05 14:39:16.816,1,,,,False,False,Q
0 days 01:02:28.028000,VER,3,,12.0,4.0,0 days 01:00:50.031000,,,0 days 00:00:31.299000,0 days 00:00:32.465000,,0 days 01:01:55.677000,0 days 01:02:28.028000,298.0,296.0,292.0,202.0,False,SOFT,1.0,True,Red Bull Racing,0 days 00:54:33.648000,2026-09-05 14:41:10.252,12,,,,False,False,Q
0 days 01:03:50.098000,VER,3,0 days 00:01:22.070000,13.0,4.0,,,0 days 00:00:27.013000,0 days 00:00:27.881000,0 days 00:00:27.176000,0 days 01:02:55.041000,0 days 01:03:22.922000,0 days 01:03:50.098000,303.0,317.0,291.0,326.0,True,SOFT,2.0,True,Red Bull Racing,0 days 01:02:28.028000,2026-09-05 14:49:04.632,1,,,,False,True,Q
0 days 01:05:32.751000,VER,3,0 days 00:01:42.653000,14.0,4.0,,0 days 01:05:29.012000,0 days 00:00:32.169000,0 days 00:00:33.253000,0 days 00:00:37.231000,0 days 01:04:22.267000,0 days 01:04:55.520000,0 days 01:05:32.751000,269.0,249.0,,255.0,False,SOFT,3.0,True,Red Bull Racing,0 days 01:03:50.098000,2026-09-05 14:50:26.702,1,,,,False,False,Q
0 days 01:12:59.833000,VER,3,,15.0,5.0,0 days 01:11:20.235000,,,0 days 00:00:30.084000,0 days 00:00:37.238000,,0 days 01:12:22.595000,0 days 01:13:00.009000,273.0,267.0,289.0,208.0,False,SOFT,1.0,True,Red Bull Racing,0 days 01:05:32.751000,2026-09-05 14:52:09.355,1,,,,False,False,Q
0 days 01:14:22.214000,VER,3,0 days 00:01:22.381000,16.0,5.0,,,0 days 00:00:27.238000,0 days 00:00:27.905000,0 days 00:00:27.238000,0 days 01:13:27.071000,0 days 01:13:54.976000,0 days 01:14:22.214000,300.0,311.0,285.0,318.0,False,SOFT,2.0,True,Red Bull Racing,0 days 01:12:59.833000,2026-09-05 14:59:36.437,1,,,,False,True,Q
0 days 01:16:10.793000,VER,3,,17.0,5.0,,0 days 01:16:10.793000,0 days 00:00:41.725000,0 days 00:00:32.605000,,0 days 01:15:04.020000,0 days 01:15:36.621000,,250.0,288.0,,145.0,False,SOFT,3.0,True,Red Bull Racing,0 days 01:14:22.214000,2026-09-05 15:00:58.818,1,,,,False,False,Q
0 days 00:20:28.965000,ANT,12,,1.0,1.0,0 days 00:18:49.069000,,,0 days 00:00:34.593000,0 days 00:00:31.605000,,0 days 00:19:57.399000,0 days 00:20:29.104000,267.0,280.0,293.0,243.0,False,SOFT,1.0,True,Mercedes,0 days 00:18:49.069000,2026-09-05 14:05:25.673,1,,,,False,False,Q
0 days 00:21:51.723000,ANT,12,0 days 00:01:22.758000,2.0,1.0,,,0 days 00:00:27.284000,0 days 00:00:27.989000,0 days 00:00:27.485000,0 days 00:20:56.249000,0 days 00:21:24.238000,0 days 00:21:51.723000,299.0,314.0,280.0,320.0,True,SOFT,2.0,True,Mercedes,0 days 00:20:28.965000,2026-09-05 14:07:05.569,1,,,,False,True,Q
0 days 00:23:53.118000,ANT,12,0 days 00:02:01.395000,3.0,1.0,,0 days 00:23:49.314000,0 days 00:00:40.206000,0 days 00:00:40.749000,0 days 00:00:40.440000,0 days 00:22:31.929000,0 days 00:23:12.678000,0 days 00:23:53.118000,196.0,265.0,,217.0,False,SOFT,3.0,True,Mercedes,0 days 00:21:51.723000,2026-09-05 14:08:28.327,1,,,,False,False,Q
0 days 00:29:50.297000,ANT,12,,4.0,2.0,0 days 00:28:03.743000,,,0 days 00:00:38.142000,0 days 00:00:33.865000,,0 days 00:29:16.484000,0 days 00:29:50.453000,317.0,143.0,291.0,241.0,False,SOFT,4.0,False,Mercedes,0 days 00:23:53.118000,2026-09-05 14:10:29.722,1,,,,False,False,Q
0 days 00:31:27.870000,ANT,12,0 days 00:01:37.573000,5.0,2.0,,0 days 00:31:22.481000,0 days 00:00:27.165000,0 days 00:00:28.054000,0 days 00:00:42.354000,0 days 00:30:17.462000,0 days 00:30:45.516000,0 days 00:31:27.870000,297.0,315.0,,321.0,False,SOFT,5.0,False,Mercedes,0 days 00:29:50.297000,2026-09-05 14:16:26.901,1,,,,False,False,Q
0 days 00:44:35.425000,ANT,12,,6.0,3.0,0 days 00:42:55.738000,,,0 days 00:00:34.072000,0 days 00:00:31.382000,,0 days 00:44:04.191000,0 days 00:44:35.533000,265.0,283.0,290.0,235.0,False,SOFT,1.0,True,Mercedes,0 days 00:31:27.870000,2026-09-05 14:18:04.474,12,,,,False,False,Q
0 days 00:45:57.759000,ANT,12,0 days 00:01:22.334000,7.0,3.0,,,0 days 00:00:27.189000,0 days 00:00:27.800000,0 days 00:00:27.345000,0 days 00:45:02.614000,0 days 00:45:30.414000,0 days 00:45:57.759000,298.0,314.0,281.0,320.0,True,SOFT,2.0,True,Mercedes,0 days 00:44:35.425000,2026-09-05 14:31:12.029,1,,,,False,True,Q
0 days 00:47:47.605000,ANT,12,0 days 00:01:49.846000,8.0,3.0,,0 days 00:47:43.856000,0 days 00:00:34.749000,0 days 00:00:36.268000,0 days 00:00:38.829000,0 days 00:46:32.508000,0 days 00:47:08.776000,0 days 00:47:47.605000,243.0,278.0,,221.0,False,SOFT,3.0,True,Mercedes,0 days 00:45:57.759000,2026-09-05 14:32:34.363,1,,,,False,False,Q
0 days 00:52:37.365000,ANT,12,,9.0,4.0,0 days 00:50:53.990000,,,0 days 00:00:34.256000,0 days 00:00:33.480000,,0 days 00:52:03.885000,0 days 00:52:37.513000,270.0,288.0,292.0,186.0,False,SOFT,4.0,False,Mercedes,0 days 00:47:47.605000,2026-09-05 14:34:24.209,1,,,,False,False,Q
0 days 00:53:59.247000,ANT,12,0 days 00:01:21.882000,10.0,4.0,,,0 days 00:00:26.957000,0 days 00:00:27.684000,0 days 00:00:27.241000,0 days 00:53:04.322000,0 days 00:53:32.006000,0 days 00:53:59.247000,301.0,319.0,281.0,330.0,True,SOFT,5.0,False,Mercedes,0 days 00:52:37.365000,2026-09-05 14:39:13.969,1,,,,False,True,Q
0 days 00:55:46.998000,ANT,12,0 days 00:01:47.751000,11.0,4.0,,0 days 00:55:43.139000,0 days 00:00:34.519000,0 days 00:00:36.418000,0 days 00:00:36.814000,0 days 00:54:33.766000,0 days 00:55:10.184000,0 days 00:55:46.998000,245.0,289.0,,223.0,False,SOFT,6.0,False,Mercedes,0 days 00:53:59.247000,2026-09-05 14:40:35.851,12,,,,False,False,Q
0 days 01:02:10.583000,ANT,12,,12.0,5.0,0 days 01:00:32.860000,,,0 days 00:00:33.575000,0 days 00:00:31.236000,,0 days 01:01:39.458000,0 days 01:02:10.807000,283.0,273.0,287.0,252.0,False,SOFT,7.0,False,Mercedes,0 days 00:55:46.998000,2026-09-05 14:42:23.602,21,,,,False,False,Q
0 days 01:04:04.842000,ANT,12,0 days 00:01:54.259000,13.0,5.0,,0 days 01:04:01.132000,0 days 00:00:33.646000,0 days 00:00:43.114000,0 days 00:00:37.499000,0 days 01:02:44.229000,0 days 01:03:27.343000,0 days 01:04:04.842000,261.0,263.0,,278.0,False,SOFT,8.0,False,Mercedes,0 days 01:02:10.583000,2026-09-05 14:48:47.187,1,,,,False,False,Q
0 days 01:06:07.579000,ANT,12,0 days 00:02:02.737000,14.0,6.0,0 days 01:04:27.258000,,0 days 00:00:57.488000,0 days 00:00:34.105000,0 days 00:00:31.144000,0 days 01:05:02.330000,0 days 01:05:36.435000,0 days 01:06:07.579000,281.0,285.0,290.0,246.0,False,SOFT,1.0,True,Mercedes,0 days 01:04:04.842000,2026-09-05 14:50:41.446,1,,,,False,False,Q
0 days 01:07:29.672000,ANT,12,0 days 00:01:22.093000,15.0,6.0,,,0 days 00:00:27.019000,0 days 00:00:27.771000,0 days 00:00:27.303000,0 days 01:06:34.598000,0 days 01:07:02.369000,0 days 01:07:29.672000,301.0,313.0,280.0,321.0,True,SOFT,2.0,True,Mercedes,0 days 01:06:07.579000,2026-09-05 14:52:44.183,1,,,,False,True,Q
0 days 01:09:15.250000,ANT,12,0 days 00:01:45.578000,16.0,6.0,,0 days 01:09:11.415000,0 days 00:00:32.387000,0 days 00:00:35.176000,0 days 00:00:38.015000,0 days 01:08:02.059000,0 days 01:08:37.235000,0 days 01:09:15.250000,270.0,276.0,,231.0,False,SOFT,3.0,True,Mercedes,0 days 01:07:29.672000,2026-09-05 14:54:06.276,1,,,,False,False,Q
0 days 01:13:00.447000,ANT,12,,17.0,7.0,0 days 01:11:21.447000,,,0 days 00:00:32.706000,0 days 00:00:34.102000,,0 days 01:12:26.345000,0 days 01:13:00.595000,281.0,288.0,287.0,226.0,False,SOFT,4.0,False,Mercedes,0 days 01:09:15.250000,2026-09-05 14:55:51.854,1,,,,False,False,Q
0 days 01:14:52.716000,ANT,12,,18.0,7.0,,0 days 01:14:52.716000,0 days 00:00:41.596000,0 days 00:00:32.923000,,0 days 01:13:42.003000,0 days 01:14:14.946000,,240.0,297.0,,263.0,False,SOFT,5.0,False,Mercedes,0 days 01:13:00.447000,2026-09-05 14:59:37.051,1,,,,False,False,Q
0 days 00:20:49.502000,COL,43,,1.0,1.0,0 days 00:19:04.200000,,,0 days 00:00:33.611000,0 days 00:00:32.350000,,0 days 00:20:17.226000,0 days 00:20:49.716000,255.0,268.0,304.0,180.0,False,SOFT,1.0,True,Alpine,0 days 00:19:04.200000,2026-09-05 14:05:40.804,1,,,,False,False,Q
0 days 00:22:12.164000,COL,43,0 days 00:01:22.662000,2.0,1.0,,,0 days 00:00:26.924000,0 days 00:00:28.093000,0 days 00:00:27.645000,0 days 00:21:16.426000,0 days 00:21:44.519000,0 days 00:22:12.164000,307.0,327.0,287.0,332.0,True,SOFT,2.0,True,Alpine,0 days 00:20:49.502000,2026-09-05 14:07:26.106,1,,,,False,True,Q
0 days 00:24:10.567000,COL,43,0 days 00:01:58.403000,3.0,1.0,,0 days 00:24:06.565000,0 days 00:00:38.628000,0 days 00:00:38.459000,0 days 00:00:41.316000,0 days 00:22:50.792000,0 days 00:23:29.251000,0 days 00:24:10.567000,224.0,257.0,,167.0,False,SOFT,3.0,True,Alpine,0 days 00:22:12.164000,2026-09-05 14:08:48.768,1,,,,False,False,Q
0 days 00:30:19.450000,COL,43,,4.0,2.0,0 days 00:28:26.100000,,,0 days 00:00:35.325000,0 days 00:00:40.122000,,0 days 00:29:39.469000,0 days 00:30:19.623000,264.0,282.0,302.0,171.0,False,SOFT,4.0,False,Alpine,0 days 00:24:10.567000,2026-09-05 14:10:47.171,1,,,,False,False,Q
0 days 00:31:42.260000,COL,43,0 days 00:01:22.810000,5.0,2.0,,,0 days 00:00:26.915000,0 days 00:00:28.130000,0 days 00:00:27.765000,0 days 00:30:46.365000,0 days 00:31:14.495000,0 days 00:31:42.260000,308.0,330.0,289.0,332.0,False,SOFT,5.0,False,Alpine,0 days 00:30:19.450000,2026-09-05 14:16:56.054,1,,,,False,True,Q
0 days 00:33:39.338000,COL,43,0 days 00:01:57.078000,6.0,2.0,,0 days 00:33:35.513000,0 days 00:00:38.733000,0 days 00:00:36.204000,0 days 00:00:42.141000,0 days 00:32:20.993000,0 days 00:32:57.197000,0 days 00:33:39.338000,234.0,233.0,,168.0,False,SOFT,6.0,False,Alpine,0 days 00:31:42.260000,2026-09-05 14:18:18.864,12,,,,False,False,Q
0 days 00:45:10.196000,COL,43,,7.0,3.0,0 days 00:43:33.191000,,,0 days 00:00:32.750000,0 days 00:00:30.432000,,0 days 00:44:39.764000,0 days 00:45:10.283000,270.0,268.0,305.0,197.0,False,SOFT,1.0,True,Alpine,0 days 00:33:39.338000,2026-09-05 14:20:15.942,21,,,,False,False,Q
0 days 00:46:32.599000,COL,43,0 days 00:01:22.403000,8.0,3.0,,,0 days 00:00:26.779000,0 days 00:00:27.997000,0 days 00:00:27.627000,0 days 00:45:36.975000,0 days 00:46:04.972000,0 days 00:46:32.599000,308.0,329.0,289.0,335.0,True,SOFT,2.0,True,Alpine,0 days 00:45:10.196000,2026-09-05 14:31:46.800,1,,,,False,True,Q
0 days 00:48:24.318000,COL,43,0 days 00:01:51.719000,9.0,3.0,,0 days 00:48:20.480000,0 days 00:00:36.203000,0 days 00:00:35.822000,0 days 00:00:39.694000,0 days 00:47:08.802000,0 days 00:47:44.624000,0 days 00:48:24.318000,219.0,254.0,,203.0,False,SOFT,3.0,True,Alpine,0 days 00:46:32.599000,2026-09-05 14:33:09.203,1,,,,False,False,Q
0 days 00:52:56.400000,COL,43,,10.0,4.0,0 days 00:51:17.306000,,,0 days 00:00:32.308000,0 days 00:00:32.951000,,0 days 00:52:23.527000,0 days 00:52:57.108000,282.0,277.0,303.0,167.0,False,SOFT,1.0,True,Alpine,0 days 00:48:24.318000,2026-09-05 14:35:00.922,1,,,,False,False,Q
0 days 00:54:18.800000,COL,43,0 days 00:01:22.400000,11.0,4.0,,,0 days 00:00:26.937000,0 days 00:00:27.878000,0 days 00:00:27.585000,0 days 00:53:23.337000,0 days 00:53:51.215000,0 days 00:54:18.800000,308.0,330.0,289.0,334.0,True,SOFT,2.0,True,Alpine,0 days 00:52:56.400000,2026-09-05 14:39:33.004,1,,,,False,True,Q
0 days 00:56:13.880000,COL,43,0 days 00:01:55.080000,12.0,4.0,,0 days 00:56:09.977000,0 days 00:00:39.714000,0 days 00:00:36.617000,0 days 00:00:38.749000,0 days 00:54:58.514000,0 days 00:55:35.131000,0 days 00:56:13.880000,182.0,249.0,,171.0,False,SOFT,3.0,True,Alpine,0 days 00:54:18.800000,2026-09-05 14:40:55.404,12,,,,False,False,Q
0 days 01:02:22.830000,COL,43,,13.0,5.0,0 days 01:00:44.828000,,,0 days 00:00:32.371000,0 days 00:00:31.475000,,0 days 01:01:51.458000,0 days 01:02:22.856000,274.0,278.0,300.0,208.0,False,SOFT,1.0,True,Alpine,0 days 00:56:13.880000,2026-09-05 14:42:50.484,21,,,,False,False,Q
0 days 01:03:45.565000,COL,43,0 days 00:01:22.735000,14.0,5.0,,,0 days 00:00:26.979000,0 days 00:00:27.999000,0 days 00:00:27.757000,0 days 01:02:49.809000,0 days 01:03:17.808000,0 days 01:03:45.565000,304.0,323.0,287.0,330.0,True,SOFT,2.0,True,Alpine,0 days 01:02:22.830000,2026-09-05 14:48:59.434,1,,,,False,True,Q
0 days 01:05:41.064000,COL,43,0 days 00:01:55.499000,15.0,5.0,,0 days 01:05:37.159000,0 days 00:00:36.270000,0 days 00:00:38.776000,0 days 00:00:40.453000,0 days 01:04:21.835000,0 days 01:05:00.611000,0 days 01:05:41.064000,204.0,227.0,,191.0,False,SOFT,3.0,True,Alpine,0 days 01:03:45.565000,2026-09-05 14:50:22.169,1,,,,False,False,Q
0 days 01:13:14.154000,COL,43,,16.0,6.0,0 days 01:11:36.359000,,,0 days 00:00:32.895000,0 days 00:00:31.434000,,0 days 01:12:42.720000,0 days 01:13:14.418000,280.0,287.0,300.0,237.0,False,SOFT,1.0,True,Alpine,0 days 01:05:41.064000,2026-09-05 14:52:17.668,1,,,,False,False,Q
0 days 01:14:36.374000,COL,43,0 days 00:01:22.220000,17.0,6.0,,,0 days 00:00:26.874000,0 days 00:00:27.840000,0 days 00:00:27.506000,0 days 01:13:41.028000,0 days 01:14:08.868000,0 days 01:14:36.374000,308.0,328.0,288.0,332.0,True,SOFT,2.0,True,Alpine,0 days 01:13:14.154000,2026-09-05 14:59:50.758,1,,,,False,True,Q
0 days 01:16:31.149000,COL,43,,18.0,6.0,,0 days 01:16:31.149000,0 days 00:00:40.243000,0 days 00:00:36.559000,,0 days 01:15:16.647000,0 days 01:15:53.282000,,185.0,218.0,,169.0,False,SOFT,3.0,True,Alpine,0 days 01:14:36.374000,2026-09-05 15:01:12.978,1,,,,False,False,Q
0 days 00:16:41.602000,NOR,1,,1.0,1.0,0 days 00:15:03.574000,,,0 days 00:00:29.810000,0 days 00:00:32.107000,,0 days 00:16:09.676000,0 days 00:16:41.866000,269.0,294.0,293.0,137.0,False,SOFT,1.0,True,McLaren,0 days 00:15:03.574000,2026-09-05 14:01:40.178,1,,,,False,False,Q
0 days 00:18:21.537000,NOR,1,0 days 00:01:39.935000,2.0,1.0,,,0 days 00:00:29.907000,0 days 00:00:35.830000,0 days 00:00:34.198000,0 days 00:17:11.509000,0 days 00:17:47.339000,0 days 00:18:21.537000,255.0,259.0,292.0,325.0,True,SOFT,2.0,True,McLaren,0 days 00:16:41.602000,2026-09-05 14:03:18.206,1,,,,False,True,Q
0 days 00:19:44.541000,NOR,1,0 days 00:01:23.004000,3.0,1.0,,,0 days 00:00:27.211000,0 days 00:00:28.080000,0 days 00:00:27.713000,0 days 00:18:48.748000,0 days 00:19:16.828000,0 days 00:19:44.541000,301.0,318.0,284.0,319.0,True,SOFT,3.0,True,McLaren,0 days 00:18:21.537000,2026-09-05 14:04:58.141,1,,,,False,True,Q
0 days 00:21:38.111000,NOR,1,0 days 00:01:53.570000,4.0,1.0,,0 days 00:21:33.220000,0 days 00:00:32.984000,0 days 00:00:40.029000,0 days 00:00:40.557000,0 days 00:20:17.525000,0 days 00:20:57.554000,0 days 00:21:38.111000,220.0,253.0,,303.0,False,SOFT,4.0,True,McLaren,0 days 00:19:44.541000,2026-09-05 14:06:21.145,1,,,,False,False,Q
0 days 00:29:51.899000,NOR,1,,5.0,2.0,0 days 00:28:01.149000,,,0 days 00:00:41.310000,0 days 00:00:35.602000,,0 days 00:29:16.438000,0 days 00:29:52.031000,281.0,87.0,290.0,241.0,False,SOFT,5.0,False,McLaren,0 days 00:21:38.111000,2026-09-05 14:08:14.715,1,,,,False,False,Q
0 days 00:31:14.558000,NOR,1,0 days 00:01:22.659000,6.0,2.0,,,0 days 00:00:27.066000,0 days 00:00:27.931000,0 days 00:00:27.662000,0 days 00:30:18.965000,0 days 00:30:46.896000,0 days 00:31:14.558000,304.0,322.0,281.0,325.0,True,SOFT,6.0,False,McLaren,0 days 00:29:51.899000,2026-09-05 14:16:28.503,1,,,,False,True,Q
0 days 00:33:07.747000,NOR,1,0 days 00:01:53.189000,7.0,2.0,,0 days 00:33:03.936000,0 days 00:00:36.897000,0 days 00:00:37.211000,0 days 00:00:39.081000,0 days 00:31:51.455000,0 days 00:32:28.666000,0 days 00:33:07.747000,230.0,241.0,,167.0,False,SOFT,7.0,False,McLaren,0 days 00:31:14.558000,2026-09-05 14:17:51.162,1,,,,False,False,Q
0 days 00:44:52.639000,NOR,1,,8.0,3.0,0 days 00:43:12.804000,,,0 days 00:00:29.884000,0 days 00:00:32.165000,,0 days 00:44:20.649000,0 days 00:44:52.639000,301.0,305.0,295.0,246.0,False,SOFT,1.0,True,McLaren,0 days 00:33:07.747000,2026-09-05 14:19:44.351,12,,,,False,False,Q
0 days 00:46:14.706000,NOR,1,0 days 00:01:22.067000,9.0,3.0,,,0 days 00:00:26.921000,0 days 00:00:27.823000,0 days 00:00:27.323000,0 days 00:45:19.560000,0 days 00:45:47.383000,0 days 00:46:14.706000,308.0,326.0,289.0,327.0,True,SOFT,2.0,True,McLaren,0 days 00:44:52.639000,2026-09-05 14:31:29.243,1,,,,False,True,Q
0 days 00:48:08.657000,NOR,1,0 days 00:01:53.951000,10.0,3.0,,0 days 00:48:04.449000,0 days 00:00:34.355000,0 days 00:00:37.764000,0 days 00:00:41.832000,0 days 00:46:49.061000,0 days 00:47:26.825000,0 days 00:48:08.657000,212.0,210.0,,205.0,False,SOFT,3.0,True,McLaren,0 days 00:46:14.706000,2026-09-05 14:32:51.310,1,,,,False,False,Q
0 days 00:52:42.869000,NOR,1,,11.0,4.0,0 days 00:51:01.100000,,,0 days 00:00:35.187000,0 days 00:00:32.822000,,0 days 00:52:10.089000,0 days 00:52:43.138000,304.0,273.0,293.0,251.0,False,SOFT,4.0,False,McLaren,0 days 00:48:08.657000,2026-09-05 14:34:45.261,1,,,,False,False,Q
0 days 00:54:05.124000,NOR,1,0 days 00:01:22.255000,12.0,4.0,,,0 days 00:00:27.031000,0 days 00:00:27.841000,0 days 00:00:27.383000,0 days 00:53:09.900000,0 days 00:53:37.741000,0 days 00:54:05.124000,306.0,324.0,284.0,325.0,False,SOFT,5.0,False,McLaren,0 days 00:52:42.869000,2026-09-05 14:39:19.473,1,,,,False,True,Q
0 days 00:55:55.166000,NOR,1,0 days 00:01:50.042000,13.0,4.0,,0 days 00:55:51.092000,0 days 00:00:35.701000,0 days 00:00:35.557000,0 days 00:00:38.784000,0 days 00:54:40.825000,0 days 00:55:16.382000,0 days 00:55:55.166000,236.0,281.0,,175.0,False,SOFT,6.0,False,McLaren,0 days 00:54:05.124000,2026-09-05 14:40:41.728,12,,,,False,False,Q
0 days 01:02:14.035000,NOR,1,,14.0,5.0,0 days 01:00:38.313000,,,0 days 00:00:31.892000,0 days 00:00:31.120000,,0 days 01:01:43.036000,0 days 01:02:14.042000,300.0,292.0,293.0,258.0,False,SOFT,1.0,True,McLaren,0 days 00:55:55.166000,2026-09-05 14:42:31.770,21,,,,False,False,Q
0 days 01:03:36.291000,NOR,1,0 days 00:01:22.256000,15.0,5.0,,,0 days 00:00:27.004000,0 days 00:00:27.768000,0 days 00:00:27.484000,0 days 01:02:41.039000,0 days 01:03:08.807000,0 days 01:03:36.291000,305.0,320.0,283.0,323.0,True,SOFT,2.0,True,McLaren,0 days 01:02:14.035000,2026-09-05 14:48:50.639,1,,,,False,True,Q
0 days 01:05:20.851000,NOR,1,0 days 00:01:44.560000,16.0,5.0,,0 days 01:05:16.932000,0 days 00:00:32.998000,0 days 00:00:34.616000,0 days 00:00:36.946000,0 days 01:04:09.289000,0 days 01:04:43.905000,0 days 01:05:20.851000,256.0,251.0,,214.0,False,SOFT,3.0,True,McLaren,0 days 01:03:36.291000,2026-09-05 14:50:12.895,1,,,,False,False,Q
0 days 01:12:45.493000,NOR,1,,17.0,6.0,0 days 01:11:17.959000,,,0 days 00:00:28.955000,0 days 00:00:30.399000,,0 days 01:12:15.095000,0 days 01:12:45.642000,298.0,289.0,290.0,282.0,False,SOFT,1.0,True,McLaren,0 days 01:05:20.851000,2026-09-05 14:51:57.455,1,,,,False,False,Q
0 days 01:14:08.066000,NOR,1,0 days 00:01:22.573000,18.0,6.0,,,0 days 00:00:27.202000,0 days 00:00:27.770000,0 days 00:00:27.601000,0 days 01:13:12.695000,0 days 01:13:40.465000,0 days 01:14:08.066000,302.0,316.0,279.0,318.0,False,SOFT,2.0,True,McLaren,0 days 01:12:45.493000,2026-09-05 14:59:22.097,1,,,,False,True,Q
0 days 01:16:02.632000,NOR,1,,19.0,6.0,,0 days 01:16:02.632000,0 days 00:00:38.579000,0 days 00:00:36.477000,,0 days 01:14:46.747000,0 days 01:15:23.152000,,227.0,219.0,,176.0,False,SOFT,3.0,True,McLaren,0 days 01:14:08.066000,2026-09-05 15:00:44.670,1,,,,False,False,Q
0 days 00:20:42.024000,LIN,41,,1.0,1.0,0 days 00:18:56.542000,,,0 days 00:00:32.447000,0 days 00:00:35.354000,,0 days 00:20:06.830000,0 days 00:20:42.273000,260.0,173.0,291.0,188.0,False,SOFT,1.0,True,Racing Bulls,0 days 00:18:56.542000,2026-09-05 14:05:33.146,1,,,,False,False,Q
0 days 00:22:05.476000,LIN,41,0 days 00:01:23.452000,2.0,1.0,,,0 days 00:00:27.394000,0 days 00:00:28.422000,0 days 00:00:27.636000,0 days 00:21:09.418000,0 days 00:21:37.840000,0 days 00:22:05.476000,300.0,310.0,284.0,319.0,True,SOFT,2.0,True,Racing Bulls,0 days 00:20:42.024000,2026-09-05 14:07:18.628,1,,,,False,True,Q
0 days 00:23:50.263000,LIN,41,0 days 00:01:44.787000,3.0,1.0,,0 days 00:23:43.976000,0 days 00:00:31.549000,0 days 00:00:34.102000,0 days 00:00:39.136000,0 days 00:22:37.025000,0 days 00:23:11.127000,0 days 00:23:50.263000,284.0,294.0,,272.0,False,SOFT,3.0,True,Racing Bulls,0 days 00:22:05.476000,2026-09-05 14:08:42.080,1,,,,False,False,Q
0 days 00:30:01.222000,LIN,41,,4.0,2.0,0 days 00:28:08.274000,,,0 days 00:00:36.773000,0 days 00:00:37.744000,,0 days 00:29:23.609000,0 days 00:30:01.391000,278.0,164.0,293.0,204.0,False,SOFT,4.0,False,Racing Bulls,0 days 00:23:50.263000,2026-09-05 14:10:26.867,1,,,,False,False,Q
0 days 00:31:23.949000,LIN,41,0 days 00:01:22.727000,5.0,2.0,,,0 days 00:00:27.250000,0 days 00:00:28.119000,0 days 00:00:27.358000,0 days 00:30:28.472000,0 days 00:30:56.591000,0 days 00:31:23.949000,302.0,318.0,292.0,326.0,True,SOFT,5.0,False,Racing Bulls,0 days 00:30:01.222000,2026-09-05 14:16:37.826,1,,,,False,True,Q
0 days 00:33:11.851000,LIN,41,0 days 00:01:47.902000,6.0,2.0,,0 days 00:33:08.080000,0 days 00:00:36.690000,0 days 00:00:33.637000,0 days 00:00:37.575000,0 days 00:32:00.639000,0 days 00:32:34.276000,0 days 00:33:11.851000,265.0,289.0,,150.0,False,SOFT,6.0,False,Racing Bulls,0 days 00:31:23.949000,2026-09-05 14:18:00.553,1,,,,False,False,Q
0 days 00:45:08.506000,LIN,41,,7.0,3.0,0 days 00:43:28.672000,,,0 days 00:00:31.478000,0 days 00:00:32.102000,,0 days 00:44:36.451000,0 days 00:45:08.506000,271.0,278.0,291.0,184.0,False,SOFT,1.0,True,Racing Bulls,0 days 00:33:11.851000,2026-09-05 14:19:48.455,12,,,,False,False,Q
0 days 00:46:30.851000,LIN,41,0 days 00:01:22.345000,8.0,3.0,,,0 days 00:00:27.189000,0 days 00:00:28.030000,0 days 00:00:27.126000,0 days 00:45:35.695000,0 days 00:46:03.725000,0 days 00:46:30.851000,301.0,316.0,289.0,322.0,True,SOFT,2.0,True,Racing Bulls,0 days 00:45:08.506000,2026-09-05 14:31:45.110,1,,,,False,True,Q
0 days 00:48:14.160000,LIN,41,0 days 00:01:43.309000,9.0,3.0,,0 days 00:48:10.355000,0 days 00:00:31.947000,0 days 00:00:33.683000,0 days 00:00:37.679000,0 days 00:47:02.798000,0 days 00:47:36.481000,0 days 00:48:14.160000,283.0,301.0,,226.0,False,SOFT,3.0,True,Racing Bulls,0 days 00:46:30.851000,2026-09-05 14:33:07.455,1,,,,False,False,Q
0 days 00:52:31.204000,LIN,41,,10.0,4.0,0 days 00:50:51.906000,,,0 days 00:00:31.055000,0 days 00:00:33.215000,,0 days 00:51:58.103000,0 days 00:52:31.418000,272.0,295.0,291.0,176.0,False,SOFT,1.0,True,Racing Bulls,0 days 00:48:14.160000,2026-09-05 14:34:50.764,1,,,,False,False,Q
0 days 00:53:53.594000,LIN,41,0 days 00:01:22.390000,11.0,4.0,,,0 days 00:00:27.346000,0 days 00:00:27.864000,0 days 00:00:27.180000,0 days 00:52:58.550000,0 days 00:53:26.414000,0 days 00:53:53.594000,303.0,316.0,290.0,320.0,False,SOFT,2.0,True,Racing Bulls,0 days 00:52:31.204000,2026-09-05 14:39:07.808,1,,,,False,True,Q
0 days 00:55:39.010000,LIN,41,0 days 00:01:45.416000,12.0,4.0,,0 days 00:55:35.124000,0 days 00:00:34.796000,0 days 00:00:33.405000,0 days 00:00:37.215000,0 days 00:54:28.390000,0 days 00:55:01.795000,0 days 00:55:39.010000,271.0,273.0,,147.0,False,SOFT,3.0,True,Racing Bulls,0 days 00:53:53.594000,2026-09-05 14:40:30.198,12,,,,False,False,Q
0 days 01:02:25.344000,LIN,41,,13.0,5.0,0 days 01:00:46.938000,,,0 days 00:00:32.034000,0 days 00:00:32.599000,,0 days 01:01:52.864000,0 days 01:02:26.184000,275.0,276.0,295.0,205.0,False,SOFT,1.0,True,Racing Bulls,0 days 00:55:39.010000,2026-09-05 14:42:15.614,21,,,,False,False,Q
0 days 01:03:47.757000,LIN,41,0 days 00:01:22.413000,14.0,5.0,,,0 days 00:00:27.130000,0 days 00:00:28.028000,0 days 00:00:27.255000,0 days 01:02:52.474000,0 days 01:03:20.502000,0 days 01:03:47.757000,302.0,315.0,290.0,325.0,True,SOFT,2.0,True,Racing Bulls,0 days 01:02:25.344000,2026-09-05 14:49:01.948,1,,,,False,True,Q
0 days 01:05:30.881000,LIN,41,0 days 00:01:43.124000,15.0,5.0,,0 days 01:05:27.357000,0 days 00:00:33.400000,0 days 00:00:33.286000,0 days 00:00:36.438000,0 days 01:04:21.157000,0 days 01:04:54.443000,0 days 01:05:30.881000,279.0,272.0,,219.0,False,SOFT,3.0,True,Racing Bulls,0 days 01:03:47.757000,2026-09-05 14:50:24.361,1,,,,False,False,Q
0 days 01:13:03.685000,LIN,41,,16.0,6.0,0 days 01:11:25.458000,,,0 days 00:00:31.146000,0 days 00:00:32.297000,,0 days 01:12:31.563000,0 days 01:13:03.892000,278.0,275.0,292.0,212.0,False,SOFT,1.0,True,Racing Bulls,0 days 01:05:30.881000,2026-09-05 14:52:07.485,1,,,,False,False,Q
0 days 01:14:25.971000,LIN,41,0 days 00:01:22.286000,17.0,6.0,,,0 days 00:00:27.166000,0 days 00:00:27.840000,0 days 00:00:27.280000,0 days 01:13:30.851000,0 days 01:13:58.691000,0 days 01:14:25.971000,303.0,316.0,289.0,324.0,True,SOFT,2.0,True,Racing Bulls,0 days 01:13:03.685000,2026-09-05 14:59:40.289,1,,,,False,True,Q
0 days 01:16:14.952000,LIN,41,,18.0,6.0,,0 days 01:16:14.952000,0 days 00:00:42.250000,0 days 00:00:32.869000,,0 days 01:15:08.317000,0 days 01:15:41.293000,,268.0,233.0,,105.0,False,SOFT,3.0,True,Racing Bulls,0 days 01:14:25.971000,2026-09-05 15:01:02.575,1,,,,False,False,Q
0 days 00:16:38.350000,BOR,5,,1.0,1.0,0 days 00:14:57.375000,,,0 days 00:00:32.760000,0 days 00:00:34.831000,,0 days 00:16:03.642000,0 days 00:16:38.564000,263.0,235.0,297.0,161.0,False,SOFT,1.0,True,Audi,0 days 00:14:57.375000,2026-09-05 14:01:33.979,1,,,,False,False,Q
0 days 00:18:01.598000,BOR,5,0 days 00:01:23.248000,2.0,1.0,,,0 days 00:00:27.440000,0 days 00:00:28.148000,0 days 00:00:27.660000,0 days 00:17:05.790000,0 days 00:17:33.938000,0 days 00:18:01.598000,301.0,318.0,285.0,324.0,True,SOFT,2.0,True,Audi,0 days 00:16:38.350000,2026-09-05 14:03:14.954,1,,,,False,True,Q
0 days 00:19:54.910000,BOR,5,0 days 00:01:53.312000,3.0,1.0,,0 days 00:19:51.032000,0 days 00:00:35.832000,0 days 00:00:36.127000,0 days 00:00:41.353000,0 days 00:18:37.430000,0 days 00:19:13.557000,0 days 00:19:54.910000,238.0,258.0,,144.0,False,SOFT,3.0,True,Audi,0 days 00:18:01.598000,2026-09-05 14:04:38.202,1,,,,False,False,Q
0 days 00:30:07.564000,BOR,5,,4.0,2.0,0 days 00:28:18.477000,,,0 days 00:00:33.316000,0 days 00:00:40.962000,,0 days 00:29:27.156000,0 days 00:30:07.797000,262.0,227.0,300.0,166.0,False,SOFT,1.0,True,Audi,0 days 00:19:54.910000,2026-09-05 14:06:31.514,1,,,,False,False,Q
0 days 00:31:30.510000,BOR,5,0 days 00:01:22.946000,5.0,2.0,,,0 days 00:00:27.250000,0 days 00:00:28.064000,0 days 00:00:27.632000,0 days 00:30:34.814000,0 days 00:31:02.878000,0 days 00:31:30.510000,303.0,322.0,286.0,327.0,True,SOFT,2.0,True,Audi,0 days 00:30:07.564000,2026-09-05 14:16:44.168,1,,,,False,True,Q
0 days 00:33:28.429000,BOR,5,0 days 00:01:57.919000,6.0,2.0,,0 days 00:33:24.497000,0 days 00:00:36.194000,0 days 00:00:37.658000,0 days 00:00:44.067000,0 days 00:32:06.704000,0 days 00:32:44.362000,0 days 00:33:28.429000,214.0,258.0,,184.0,False,SOFT,3.0,True,Audi,0 days 00:31:30.510000,2026-09-05 14:18:07.114,1,,,,False,False,Q
0 days 00:45:05.104000,BOR,5,,7.0,3.0,0 days 00:43:26.594000,,,0 days 00:00:30.970000,0 days 00:00:31.084000,,0 days 00:44:34.088000,0 days 00:45:05.234000,266.0,287.0,300.0,189.0,False,SOFT,1.0,True,Audi,0 days 00:33:28.429000,2026-09-05 14:20:05.033,12,,,,False,False,Q
0 days 00:46:27.670000,BOR,5,0 days 00:01:22.566000,8.0,3.0,,,0 days 00:00:27.228000,0 days 00:00:27.946000,0 days 00:00:27.392000,0 days 00:45:32.332000,0 days 00:46:00.278000,0 days 00:46:27.670000,300.0,317.0,286.0,324.0,True,SOFT,2.0,True,Audi,0 days 00:45:05.104000,2026-09-05 14:31:41.708,1,,,,False,True,Q
0 days 00:48:16.597000,BOR,5,0 days 00:01:48.927000,9.0,3.0,,0 days 00:48:12.699000,0 days 00:00:33.714000,0 days 00:00:35.023000,0 days 00:00:40.190000,0 days 00:47:01.384000,0 days 00:47:36.407000,0 days 00:48:16.597000,262.0,257.0,,181.0,False,SOFT,3.0,True,Audi,0 days 00:46:27.670000,2026-09-05 14:33:04.274,1,,,,False,False,Q
0 days 00:52:52.529000,BOR,5,,10.0,4.0,0 days 00:51:12.244000,,,0 days 00:00:32.509000,0 days 00:00:32.518000,,0 days 00:52:20.011000,0 days 00:52:52.701000,269.0,263.0,299.0,222.0,False,SOFT,1.0,True,Audi,0 days 00:48:16.597000,2026-09-05 14:34:53.201,1,,,,False,False,Q
0 days 00:54:15.046000,BOR,5,0 days 00:01:22.517000,11.0,4.0,,,0 days 00:00:27.155000,0 days 00:00:27.859000,0 days 00:00:27.503000,0 days 00:53:19.684000,0 days 00:53:47.543000,0 days 00:54:15.046000,303.0,319.0,284.0,326.0,True,SOFT,2.0,True,Audi,0 days 00:52:52.529000,2026-09-05 14:39:29.133,1,,,,False,True,Q
0 days 00:56:10.839000,BOR,5,0 days 00:01:55.793000,12.0,4.0,,0 days 00:56:06.921000,0 days 00:00:44.105000,0 days 00:00:32.680000,0 days 00:00:39.008000,0 days 00:54:59.151000,0 days 00:55:31.831000,0 days 00:56:10.839000,263.0,285.0,,152.0,False,SOFT,3.0,True,Audi,0 days 00:54:15.046000,2026-09-05 14:40:51.650,12,,,,False,False,Q
0 days 00:16:05.992000,BEA,87,,1.0,1.0,0 days 00:14:26.344000,,,0 days 00:00:34.156000,0 days 00:00:32.147000,,0 days 00:15:33.845000,0 days 00:16:06.129000,285.0,272.0,291.0,190.0,False,SOFT,1.0,True,Haas F1 Team,0 days 00:14:26.344000,2026-09-05 14:01:02.948,1,,,,False,False,Q
0 days 00:17:29.869000,BEA,87,0 days 00:01:23.877000,2.0,1.0,,,0 days 00:00:27.502000,0 days 00:00:28.542000,0 days 00:00:27.833000,0 days 00:16:33.494000,0 days 00:17:02.036000,0 days 00:17:29.869000,297.0,314.0,288.0,323.0,True,SOFT,2.0,True,Haas F1 Team,0 days 00:16:05.992000,2026-09-05 14:02:42.596,1,,,,False,True,Q
0 days 00:19:12.668000,BEA,87,0 days 00:01:42.799000,3.0,1.0,,0 days 00:19:08.919000,0 days 00:00:32.337000,0 days 00:00:32.910000,0 days 00:00:37.552000,0 days 00:18:02.206000,0 days 00:18:35.116000,0 days 00:19:12.668000,262.0,262.0,,293.0,False,SOFT,3.0,True,Haas F1 Team,0 days 00:17:29.869000,2026-09-05 14:04:06.473,1,,,,False,False,Q
0 days 00:23:31.688000,BEA,87,,4.0,2.0,0 days 00:21:55.016000,,,0 days 00:00:33.024000,0 days 00:00:31.835000,,0 days 00:23:00.032000,0 days 00:23:32.033000,269.0,278.0,291.0,209.0,False,SOFT,1.0,True,Haas F1 Team,0 days 00:19:12.668000,2026-09-05 14:05:49.272,1,,,,False,False,Q
0 days 00:24:54.594000,BEA,87,0 days 00:01:22.906000,5.0,2.0,,,0 days 00:00:27.245000,0 days 00:00:28.158000,0 days 00:00:27.503000,0 days 00:23:58.933000,0 days 00:24:27.091000,0 days 00:24:54.594000,298.0,320.0,284.0,323.0,True,SOFT,2.0,True,Haas F1 Team,0 days 00:23:31.688000,2026-09-05 14:10:08.292,1,,,,False,True,Q
0 days 00:26:39.044000,BEA,87,0 days 00:01:44.450000,6.0,2.0,,0 days 00:26:35.383000,0 days 00:00:32.235000,0 days 00:00:33.522000,0 days 00:00:38.693000,0 days 00:25:26.829000,0 days 00:26:00.351000,0 days 00:26:39.044000,252.0,257.0,,236.0,False,SOFT,3.0,True,Haas F1 Team,0 days 00:24:54.594000,2026-09-05 14:11:31.198,1,,,,False,False,Q
0 days 00:29:53.095000,BEA,87,,7.0,3.0,0 days 00:27:58.696000,,,0 days 00:00:43.780000,0 days 00:00:36.755000,,0 days 00:29:16.406000,0 days 00:29:53.312000,284.0,71.0,292.0,212.0,False,SOFT,4.0,False,Haas F1 Team,0 days 00:26:39.044000,2026-09-05 14:13:15.648,1,,,,False,False,Q
0 days 00:31:16.650000,BEA,87,0 days 00:01:23.555000,8.0,3.0,,,0 days 00:00:27.384000,0 days 00:00:28.417000,0 days 00:00:27.754000,0 days 00:30:20.479000,0 days 00:30:48.896000,0 days 00:31:16.650000,299.0,315.0,282.0,332.0,False,SOFT,5.0,False,Haas F1 Team,0 days 00:29:53.095000,2026-09-05 14:16:29.699,1,,,,False,True,Q
0 days 00:32:59.518000,BEA,87,0 days 00:01:42.868000,9.0,3.0,,0 days 00:32:55.708000,0 days 00:00:32.855000,0 days 00:00:32.971000,0 days 00:00:37.042000,0 days 00:31:49.505000,0 days 00:32:22.476000,0 days 00:32:59.518000,249.0,261.0,,200.0,False,SOFT,6.0,False,Haas F1 Team,0 days 00:31:16.650000,2026-09-05 14:17:53.254,1,,,,False,False,Q
0 days 00:44:40.311000,BEA,87,,10.0,4.0,0 days 00:43:00.484000,,,0 days 00:00:31.117000,0 days 00:00:31.915000,,0 days 00:44:08.504000,0 days 00:44:40.311000,293.0,267.0,294.0,198.0,False,SOFT,1.0,True,Haas F1 Team,0 days 00:32:59.518000,2026-09-05 14:19:36.122,12,,,,False,False,Q
0 days 00:46:03.067000,BEA,87,0 days 00:01:22.756000,11.0,4.0,,,0 days 00:00:27.169000,0 days 00:00:28.181000,0 days 00:00:27.406000,0 days 00:45:07.480000,0 days 00:45:35.661000,0 days 00:46:03.067000,299.0,314.0,285.0,328.0,True,SOFT,2.0,True,Haas F1 Team,0 days 00:44:40.311000,2026-09-05 14:31:16.915,1,,,,False,True,Q
0 days 00:47:50.615000,BEA,87,0 days 00:01:47.548000,12.0,4.0,,0 days 00:47:46.871000,0 days 00:00:34.450000,0 days 00:00:34.410000,0 days 00:00:38.688000,0 days 00:46:37.517000,0 days 00:47:11.927000,0 days 00:47:50.615000,260.0,266.0,,219.0,False,SOFT,3.0,True,Haas F1 Team,0 days 00:46:03.067000,2026-09-05 14:32:39.671,1,,,,False,False,Q
0 days 00:52:28.135000,BEA,87,,13.0,5.0,0 days 00:50:50.565000,,,0 days 00:00:31.522000,0 days 00:00:32.181000,,0 days 00:51:55.963000,0 days 00:52:28.246000,288.0,264.0,294.0,164.0,False,SOFT,1.0,True,Haas F1 Team,0 days 00:47:50.615000,2026-09-05 14:34:27.219,1,,,,False,False,Q
0 days 00:53:51.075000,BEA,87,0 days 00:01:22.940000,14.0,5.0,,,0 days 00:00:27.091000,0 days 00:00:28.229000,0 days 00:00:27.620000,0 days 00:52:55.226000,0 days 00:53:23.455000,0 days 00:53:51.075000,301.0,316.0,285.0,331.0,False,SOFT,2.0,True,Haas F1 Team,0 days 00:52:28.135000,2026-09-05 14:39:04.739,1,,,,False,True,Q
0 days 00:55:32.438000,BEA,87,0 days 00:01:41.363000,15.0,5.0,,0 days 00:55:28.545000,0 days 00:00:31.699000,0 days 00:00:33.138000,0 days 00:00:36.526000,0 days 00:54:22.774000,0 days 00:54:55.912000,0 days 00:55:32.438000,262.0,292.0,,253.0,False,SOFT,3.0,True,Haas F1 Team,0 days 00:53:51.075000,2026-09-05 14:40:27.679,12,,,,False,False,Q
0 days 00:16:36.590000,HUL,27,,1.0,1.0,0 days 00:14:55.386000,,,0 days 00:00:33.129000,0 days 00:00:34.324000,,0 days 00:16:02.390000,0 days 00:16:36.877000,268.0,197.0,295.0,144.0,False,SOFT,1.0,True,Audi,0 days 00:14:55.386000,2026-09-05 14:01:31.990,1,,,,False,False,Q
0 days 00:18:00.597000,HUL,27,0 days 00:01:24.007000,2.0,1.0,,,0 days 00:00:27.589000,0 days 00:00:28.571000,0 days 00:00:27.847000,0 days 00:17:04.179000,0 days 00:17:32.750000,0 days 00:18:00.597000,296.0,313.0,282.0,322.0,True,SOFT,2.0,True,Audi,0 days 00:16:36.590000,2026-09-05 14:03:13.194,1,,,,False,True,Q
0 days 00:19:45.594000,HUL,27,0 days 00:01:44.997000,3.0,1.0,,0 days 00:19:41.755000,0 days 00:00:30.835000,0 days 00:00:33.483000,0 days 00:00:40.679000,0 days 00:18:31.432000,0 days 00:19:04.915000,0 days 00:19:45.594000,264.0,268.0,,273.0,False,SOFT,3.0,True,Audi,0 days 00:18:00.597000,2026-09-05 14:04:37.201,1,,,,False,False,Q
0 days 00:30:06.180000,HUL,27,,4.0,2.0,0 days 00:28:14.571000,,,0 days 00:00:34.126000,0 days 00:00:40.891000,,0 days 00:29:26.141000,0 days 00:30:06.375000,266.0,229.0,295.0,173.0,False,SOFT,1.0,True,Audi,0 days 00:19:45.594000,2026-09-05 14:06:22.198,1,,,,False,False,Q
0 days 00:31:29.620000,HUL,27,0 days 00:01:23.440000,5.0,2.0,,,0 days 00:00:27.524000,0 days 00:00:28.272000,0 days 00:00:27.644000,0 days 00:30:33.704000,0 days 00:31:01.976000,0 days 00:31:29.620000,296.0,316.0,282.0,324.0,True,SOFT,2.0,True,Audi,0 days 00:30:06.180000,2026-09-05 14:16:42.784,1,,,,False,True,Q
0 days 00:33:24.062000,HUL,27,0 days 00:01:54.442000,6.0,2.0,,0 days 00:33:20.216000,0 days 00:00:35.691000,0 days 00:00:37.265000,0 days 00:00:41.486000,0 days 00:32:05.311000,0 days 00:32:42.576000,0 days 00:33:24.062000,221.0,239.0,,187.0,False,SOFT,3.0,True,Audi,0 days 00:31:29.620000,2026-09-05 14:18:06.224,1,,,,False,False,Q
0 days 00:45:02.850000,HUL,27,,7.0,3.0,0 days 00:43:23.537000,,,0 days 00:00:30.819000,0 days 00:00:30.971000,,0 days 00:44:31.923000,0 days 00:45:02.850000,274.0,290.0,301.0,184.0,False,SOFT,1.0,True,Audi,0 days 00:33:24.062000,2026-09-05 14:20:00.666,12,,,,False,False,Q
0 days 00:46:26.025000,HUL,27,0 days 00:01:23.175000,8.0,3.0,,,0 days 00:00:27.145000,0 days 00:00:28.152000,0 days 00:00:27.878000,0 days 00:45:29.995000,0 days 00:45:58.147000,0 days 00:46:26.025000,300.0,315.0,281.0,328.0,True,SOFT,2.0,True,Audi,0 days 00:45:02.850000,2026-09-05 14:31:39.454,1,,,,False,True,Q
0 days 00:48:12.647000,HUL,27,0 days 00:01:46.622000,9.0,3.0,,0 days 00:48:08.762000,0 days 00:00:34.142000,0 days 00:00:34.249000,0 days 00:00:38.231000,0 days 00:47:00.167000,0 days 00:47:34.416000,0 days 00:48:12.647000,241.0,256.0,,186.0,False,SOFT,3.0,True,Audi,0 days 00:46:26.025000,2026-09-05 14:33:02.629,1,,,,False,False,Q
0 days 00:52:54.274000,HUL,27,,10.0,4.0,0 days 00:51:14.681000,,,0 days 00:00:31.480000,0 days 00:00:33.418000,,0 days 00:52:20.967000,0 days 00:52:54.494000,261.0,284.0,299.0,197.0,False,SOFT,1.0,True,Audi,0 days 00:48:12.647000,2026-09-05 14:34:49.251,1,,,,False,False,Q
0 days 00:54:17.053000,HUL,27,0 days 00:01:22.779000,11.0,4.0,,,0 days 00:00:27.179000,0 days 00:00:28.005000,0 days 00:00:27.595000,0 days 00:53:21.453000,0 days 00:53:49.458000,0 days 00:54:17.053000,302.0,320.0,285.0,327.0,True,SOFT,2.0,True,Audi,0 days 00:52:54.274000,2026-09-05 14:39:30.878,1,,,,False,True,Q
0 days 00:56:11.889000,HUL,27,0 days 00:01:54.836000,12.0,4.0,,0 days 00:56:08.014000,0 days 00:00:40.085000,0 days 00:00:35.362000,0 days 00:00:39.389000,0 days 00:54:57.138000,0 days 00:55:32.500000,0 days 00:56:11.889000,189.0,261.0,,154.0,False,SOFT,3.0,True,Audi,0 days 00:54:17.053000,2026-09-05 14:40:53.657,12,,,,False,False,Q
0 days 00:16:00.360000,LAW,30,,1.0,1.0,0 days 00:14:21.629000,,,0 days 00:00:33.532000,0 days 00:00:31.969000,,0 days 00:15:28.463000,0 days 00:16:00.702000,264.0,275.0,293.0,198.0,False,MEDIUM,1.0,True,Red Bull Racing,0 days 00:14:21.629000,2026-09-05 14:00:58.233,1,,,,False,False,Q
0 days 00:17:24.463000,LAW,30,0 days 00:01:24.103000,2.0,1.0,,,0 days 00:00:27.573000,0 days 00:00:28.738000,0 days 00:00:27.792000,0 days 00:16:27.933000,0 days 00:16:56.671000,0 days 00:17:24.463000,300.0,309.0,286.0,318.0,True,MEDIUM,2.0,True,Red Bull Racing,0 days 00:16:00.360000,2026-09-05 14:02:36.964,1,,,,False,True,Q
0 days 00:19:13.075000,LAW,30,0 days 00:01:48.612000,3.0,1.0,,,0 days 00:00:40.058000,0 days 00:00:36.057000,0 days 00:00:32.497000,0 days 00:18:04.521000,0 days 00:18:40.578000,0 days 00:19:13.075000,243.0,257.0,293.0,159.0,False,MEDIUM,3.0,True,Red Bull Racing,0 days 00:17:24.463000,2026-09-05 14:04:01.067,1,,,,False,True,Q
0 days 00:20:36.473000,LAW,30,0 days 00:01:23.398000,4.0,1.0,,,0 days 00:00:27.463000,0 days 00:00:28.409000,0 days 00:00:27.526000,0 days 00:19:40.538000,0 days 00:20:08.947000,0 days 00:20:36.473000,302.0,313.0,288.0,317.0,True,MEDIUM,4.0,True,Red Bull Racing,0 days 00:19:13.075000,2026-09-05 14:05:49.679,1,,,,False,True,Q
0 days 00:22:28.434000,LAW,30,0 days 00:01:51.961000,5.0,1.0,,0 days 00:22:21.189000,0 days 00:00:32.460000,0 days 00:00:39.350000,0 days 00:00:40.151000,0 days 00:21:08.933000,0 days 00:21:48.283000,0 days 00:22:28.434000,167.0,296.0,,298.0,False,MEDIUM,5.0,True,Red Bull Racing,0 days 00:20:36.473000,2026-09-05 14:07:13.077,1,,,,False,False,Q
0 days 00:26:43.926000,LAW,30,,6.0,2.0,0 days 00:25:05.131000,,,0 days 00:00:34.042000,0 days 00:00:32.636000,,0 days 00:26:11.348000,0 days 00:26:44.133000,276.0,277.0,292.0,230.0,False,SOFT,1.0,True,Red Bull Racing,0 days 00:22:28.434000,2026-09-05 14:09:05.038,1,,,,False,False,Q
0 days 00:28:06.915000,LAW,30,0 days 00:01:22.989000,7.0,2.0,,,0 days 00:00:27.416000,0 days 00:00:28.155000,0 days 00:00:27.418000,0 days 00:27:11.342000,0 days 00:27:39.497000,0 days 00:28:06.915000,300.0,310.0,288.0,316.0,True,SOFT,2.0,True,Red Bull Racing,0 days 00:26:43.926000,2026-09-05 14:13:20.530,1,,,,False,True,Q
0 days 00:30:13.884000,LAW,30,0 days 00:02:06.969000,8.0,2.0,,,0 days 00:00:40.797000,0 days 00:00:40.248000,0 days 00:00:45.924000,0 days 00:28:47.712000,0 days 00:29:27.960000,0 days 00:30:13.884000,216.0,220.0,272.0,172.0,False,SOFT,3.0,True,Red Bull Racing,0 days 00:28:06.915000,2026-09-05 14:14:43.519,1,,,,False,True,Q
0 days 00:32:04.355000,LAW,30,0 days 00:01:50.471000,9.0,2.0,,0 days 00:32:00.651000,0 days 00:00:34.119000,0 days 00:00:39.487000,0 days 00:00:36.865000,0 days 00:30:48.003000,0 days 00:31:27.490000,0 days 00:32:04.355000,260.0,273.0,,303.0,False,SOFT,4.0,True,Red Bull Racing,0 days 00:30:13.884000,2026-09-05 14:16:50.488,1,,,,False,False,Q
0 days 00:40:27.838000,LAW,30,,10.0,3.0,0 days 00:38:50.278000,,,0 days 00:00:32.569000,0 days 00:00:31.253000,,0 days 00:39:57.337000,0 days 00:40:27.838000,279.0,272.0,293.0,211.0,False,SOFT,1.0,True,Red Bull Racing,0 days 00:32:04.355000,2026-09-05 14:18:40.959,12,,,,False,False,Q
0 days 00:41:50.666000,LAW,30,0 days 00:01:22.828000,11.0,3.0,,,0 days 00:00:27.317000,0 days 00:00:28.203000,0 days 00:00:27.308000,0 days 00:40:55.155000,0 days 00:41:23.358000,0 days 00:41:50.666000,300.0,309.0,288.0,317.0,True,SOFT,2.0,True,Red Bull Racing,0 days 00:40:27.838000,2026-09-05 14:27:04.442,1,,,,False,True,Q
0 days 00:43:30.441000,LAW,30,0 days 00:01:39.775000,12.0,3.0,,0 days 00:43:26.641000,0 days 00:00:30.551000,0 days 00:00:32.189000,0 days 00:00:37.035000,0 days 00:42:21.217000,0 days 00:42:53.406000,0 days 00:43:30.441000,272.0,293.0,,285.0,False,SOFT,3.0,True,Red Bull Racing,0 days 00:41:50.666000,2026-09-05 14:28:27.270,1,,,,False,False,Q
0 days 00:47:55.178000,LAW,30,,13.0,4.0,0 days 00:46:16.521000,,,0 days 00:00:32.353000,0 days 00:00:33.109000,,0 days 00:47:22.090000,0 days 00:47:55.433000,277.0,278.0,293.0,206.0,False,SOFT,1.0,True,Red Bull Racing,0 days 00:43:30.441000,2026-09-05 14:30:07.045,1,,,,False,False,Q
0 days 00:49:18.240000,LAW,30,0 days 00:01:23.062000,14.0,4.0,,,0 days 00:00:27.396000,0 days 00:00:28.173000,0 days 00:00:27.493000,0 days 00:48:22.574000,0 days 00:48:50.747000,0 days 00:49:18.240000,300.0,309.0,288.0,318.0,False,SOFT,2.0,True,Red Bull Racing,0 days 00:47:55.178000,2026-09-05 14:34:31.782,1,,,,False,True,Q
0 days 00:51:13.204000,LAW,30,0 days 00:01:54.964000,15.0,4.0,,,0 days 00:00:40.498000,0 days 00:00:38.554000,0 days 00:00:35.912000,0 days 00:49:58.738000,0 days 00:50:37.292000,0 days 00:51:13.204000,143.0,231.0,294.0,188.0,False,SOFT,3.0,True,Red Bull Racing,0 days 00:49:18.240000,2026-09-05 14:35:54.844,1,,,,False,True,Q
0 days 00:52:36.025000,LAW,30,0 days 00:01:22.821000,16.0,4.0,,,0 days 00:00:27.407000,0 days 00:00:28.050000,0 days 00:00:27.364000,0 days 00:51:40.611000,0 days 00:52:08.661000,0 days 00:52:36.025000,302.0,320.0,288.0,324.0,True,SOFT,4.0,True,Red Bull Racing,0 days 00:51:13.204000,2026-09-05 14:37:49.808,1,,,,False,True,Q
0 days 00:54:30.714000,LAW,30,0 days 00:01:54.689000,17.0,4.0,,0 days 00:54:27.027000,0 days 00:00:40.605000,0 days 00:00:37.495000,0 days 00:00:36.589000,0 days 00:53:16.630000,0 days 00:53:54.125000,0 days 00:54:30.714000,234.0,282.0,,178.0,False,SOFT,5.0,True,Red Bull Racing,0 days 00:52:36.025000,2026-09-05 14:39:12.629,1,,,,False,False,Q
0 days 00:16:10.811000,SAI,55,,1.0,1.0,0 days 00:14:28.497000,,,0 days 00:00:32.768000,0 days 00:00:32.049000,,0 days 00:15:38.767000,0 days 00:16:11.015000,283.0,259.0,304.0,217.0,False,SOFT,1.0,True,Williams,0 days 00:14:28.497000,2026-09-05 14:01:05.101,1,,,,False,False,Q
0 days 00:17:34.547000,SAI,55,0 days 00:01:23.736000,2.0,1.0,,,0 days 00:00:27.082000,0 days 00:00:28.519000,0 days 00:00:28.135000,0 days 00:16:37.893000,0 days 00:17:06.412000,0 days 00:17:34.547000,307.0,324.0,286.0,331.0,True,SOFT,2.0,True,Williams,0 days 00:16:10.811000,2026-09-05 14:02:47.415,1,,,,False,True,Q
0 days 00:19:25.154000,SAI,55,0 days 00:01:50.607000,3.0,1.0,,0 days 00:19:21.275000,0 days 00:00:36.001000,0 days 00:00:35.474000,0 days 00:00:39.132000,0 days 00:18:10.548000,0 days 00:18:46.022000,0 days 00:19:25.154000,254.0,276.0,,209.0,False,SOFT,3.0,True,Williams,0 days 00:17:34.547000,2026-09-05 14:04:11.151,1,,,,False,False,Q
0 days 00:23:24.807000,SAI,55,,4.0,2.0,0 days 00:21:49.603000,,,0 days 00:00:31.689000,0 days 00:00:31.830000,,0 days 00:22:53.076000,0 days 00:23:25.055000,279.0,264.0,301.0,170.0,False,SOFT,1.0,True,Williams,0 days 00:19:25.154000,2026-09-05 14:06:01.758,1,,,,False,False,Q
0 days 00:24:48.423000,SAI,55,0 days 00:01:23.616000,5.0,2.0,,,0 days 00:00:27.039000,0 days 00:00:28.537000,0 days 00:00:28.040000,0 days 00:23:51.846000,0 days 00:24:20.383000,0 days 00:24:48.423000,300.0,313.0,281.0,333.0,True,SOFT,2.0,True,Williams,0 days 00:23:24.807000,2026-09-05 14:10:01.411,1,,,,False,True,Q
0 days 00:26:40.379000,SAI,55,0 days 00:01:51.956000,6.0,2.0,,0 days 00:26:36.711000,0 days 00:00:37.068000,0 days 00:00:36.046000,0 days 00:00:38.842000,0 days 00:25:25.491000,0 days 00:26:01.537000,0 days 00:26:40.379000,243.0,278.0,,264.0,False,SOFT,3.0,True,Williams,0 days 00:24:48.423000,2026-09-05 14:11:25.027,1,,,,False,False,Q
0 days 00:30:17.448000,SAI,55,,7.0,3.0,0 days 00:28:21.196000,,,0 days 00:00:33.254000,0 days 00:00:43.185000,,0 days 00:29:34.391000,0 days 00:30:17.720000,287.0,265.0,298.0,211.0,False,SOFT,1.0,True,Williams,0 days 00:26:40.379000,2026-09-05 14:13:16.983,1,,,,False,False,Q
0 days 00:31:41.487000,SAI,55,0 days 00:01:24.039000,8.0,3.0,,,0 days 00:00:27.258000,0 days 00:00:28.489000,0 days 00:00:28.292000,0 days 00:30:44.706000,0 days 00:31:13.195000,0 days 00:31:41.487000,304.0,326.0,280.0,329.0,False,SOFT,2.0,True,Williams,0 days 00:30:17.448000,2026-09-05 14:16:54.052,1,,,,False,True,Q
0 days 00:33:32.944000,SAI,55,0 days 00:01:51.457000,9.0,3.0,,0 days 00:33:28.951000,0 days 00:00:36.658000,0 days 00:00:35.664000,0 days 00:00:39.135000,0 days 00:32:18.145000,0 days 00:32:53.809000,0 days 00:33:32.944000,253.0,276.0,,216.0,False,SOFT,3.0,True,Williams,0 days 00:31:41.487000,2026-09-05 14:18:18.091,1,,,,False,False,Q
0 days 00:40:34.568000,SAI,55,,10.0,4.0,0 days 00:38:57.278000,,,0 days 00:00:32.365000,0 days 00:00:31.555000,,0 days 00:40:03.063000,0 days 00:40:34.728000,308.0,260.0,298.0,217.0,False,SOFT,4.0,False,Williams,0 days 00:33:32.944000,2026-09-05 14:20:09.548,12,,,,False,False,Q
0 days 00:41:58.438000,SAI,55,0 days 00:01:23.870000,11.0,4.0,,,0 days 00:00:27.133000,0 days 00:00:28.583000,0 days 00:00:28.154000,0 days 00:41:01.701000,0 days 00:41:30.284000,0 days 00:41:58.438000,302.0,318.0,283.0,325.0,True,SOFT,5.0,False,Williams,0 days 00:40:34.568000,2026-09-05 14:27:11.172,1,,,,False,True,Q
0 days 00:43:44.340000,SAI,55,0 days 00:01:45.902000,12.0,4.0,,0 days 00:43:40.617000,0 days 00:00:35.292000,0 days 00:00:34.425000,0 days 00:00:36.185000,0 days 00:42:33.730000,0 days 00:43:08.155000,0 days 00:43:44.340000,241.0,287.0,,270.0,False,SOFT,6.0,False,Williams,0 days 00:41:58.438000,2026-09-05 14:28:35.042,1,,,,False,False,Q
0 days 00:48:00.624000,SAI,55,,13.0,5.0,0 days 00:46:24.539000,,,0 days 00:00:31.900000,0 days 00:00:34.510000,,0 days 00:47:26.340000,0 days 00:48:00.808000,320.0,281.0,299.0,248.0,False,SOFT,1.0,True,Williams,0 days 00:43:44.340000,2026-09-05 14:30:20.944,1,,,,False,False,Q
0 days 00:49:24.077000,SAI,55,0 days 00:01:23.453000,14.0,5.0,,,0 days 00:00:27.096000,0 days 00:00:28.353000,0 days 00:00:28.004000,0 days 00:48:27.720000,0 days 00:48:56.073000,0 days 00:49:24.077000,304.0,322.0,284.0,328.0,True,SOFT,2.0,True,Williams,0 days 00:48:00.624000,2026-09-05 14:34:37.228,1,,,,False,True,Q
0 days 00:51:20.631000,SAI,55,0 days 00:01:56.554000,15.0,5.0,,0 days 00:51:16.822000,0 days 00:00:38.917000,0 days 00:00:37.513000,0 days 00:00:40.124000,0 days 00:50:02.994000,0 days 00:50:40.507000,0 days 00:51:20.631000,225.0,240.0,,171.0,False,SOFT,3.0,True,Williams,0 days 00:49:24.077000,2026-09-05 14:36:00.681,1,,,,False,False,Q
0 days 00:16:15.032000,OCO,31,,1.0,1.0,0 days 00:14:35.498000,,,0 days 00:00:32.727000,0 days 00:00:32.585000,,0 days 00:15:42.455000,0 days 00:16:15.233000,259.0,262.0,291.0,201.0,False,SOFT,1.0,True,Haas F1 Team,0 days 00:14:35.498000,2026-09-05 14:01:12.102,1,,,,False,False,Q
0 days 00:17:39.432000,OCO,31,0 days 00:01:24.400000,2.0,1.0,,,0 days 00:00:27.568000,0 days 00:00:28.786000,0 days 00:00:28.046000,0 days 00:16:42.600000,0 days 00:17:11.386000,0 days 00:17:39.432000,299.0,313.0,282.0,326.0,True,SOFT,2.0,True,Haas F1 Team,0 days 00:16:15.032000,2026-09-05 14:02:51.636,1,,,,False,True,Q
0 days 00:19:28.950000,OCO,31,0 days 00:01:49.518000,3.0,1.0,,0 days 00:19:25.154000,0 days 00:00:39.797000,0 days 00:00:33.206000,0 days 00:00:36.515000,0 days 00:18:19.229000,0 days 00:18:52.435000,0 days 00:19:28.950000,237.0,281.0,,148.0,False,SOFT,3.0,True,Haas F1 Team,0 days 00:17:39.432000,2026-09-05 14:04:16.036,1,,,,False,False,Q
0 days 00:23:34.424000,OCO,31,,4.0,2.0,0 days 00:21:56.639000,,,0 days 00:00:31.652000,0 days 00:00:32.584000,,0 days 00:23:01.965000,0 days 00:23:34.648000,297.0,292.0,289.0,195.0,False,SOFT,1.0,True,Haas F1 Team,0 days 00:19:28.950000,2026-09-05 14:06:05.554,1,,,,False,False,Q
0 days 00:24:58.315000,OCO,31,0 days 00:01:23.891000,5.0,2.0,,,0 days 00:00:27.408000,0 days 00:00:28.623000,0 days 00:00:27.860000,0 days 00:24:01.832000,0 days 00:24:30.455000,0 days 00:24:58.315000,299.0,308.0,281.0,323.0,True,SOFT,2.0,True,Haas F1 Team,0 days 00:23:34.424000,2026-09-05 14:10:11.028,1,,,,False,True,Q
0 days 00:26:42.645000,OCO,31,0 days 00:01:44.330000,6.0,2.0,,0 days 00:26:38.883000,0 days 00:00:30.906000,0 days 00:00:32.711000,0 days 00:00:40.713000,0 days 00:25:29.221000,0 days 00:26:01.932000,0 days 00:26:42.645000,277.0,278.0,,294.0,False,SOFT,3.0,True,Haas F1 Team,0 days 00:24:58.315000,2026-09-05 14:11:34.919,1,,,,False,False,Q
0 days 00:30:10.181000,OCO,31,,7.0,3.0,0 days 00:28:17.133000,,,0 days 00:00:32.756000,0 days 00:00:42.961000,,0 days 00:29:27.313000,0 days 00:30:10.344000,291.0,223.0,290.0,150.0,False,SOFT,1.0,True,Haas F1 Team,0 days 00:26:42.645000,2026-09-05 14:13:19.249,1,,,,False,False,Q
0 days 00:31:33.647000,OCO,31,0 days 00:01:23.466000,8.0,3.0,,,0 days 00:00:27.311000,0 days 00:00:28.477000,0 days 00:00:27.678000,0 days 00:30:37.492000,0 days 00:31:05.969000,0 days 00:31:33.647000,295.0,313.0,283.0,326.0,True,SOFT,2.0,True,Haas F1 Team,0 days 00:30:10.181000,2026-09-05 14:16:46.785,1,,,,False,True,Q
0 days 00:33:30.188000,OCO,31,0 days 00:01:56.541000,9.0,3.0,,0 days 00:33:26.435000,0 days 00:00:34.988000,0 days 00:00:37.645000,0 days 00:00:43.908000,0 days 00:32:08.635000,0 days 00:32:46.280000,0 days 00:33:30.188000,239.0,233.0,,180.0,False,SOFT,3.0,True,Haas F1 Team,0 days 00:31:33.647000,2026-09-05 14:18:10.251,1,,,,False,False,Q
0 days 00:44:47.400000,OCO,31,,10.0,4.0,0 days 00:43:05.073000,,,0 days 00:00:30.881000,0 days 00:00:32.786000,,0 days 00:44:14.617000,0 days 00:44:47.438000,296.0,292.0,290.0,182.0,False,SOFT,4.0,False,Haas F1 Team,0 days 00:33:30.188000,2026-09-05 14:20:06.792,12,,,,False,False,Q
0 days 00:46:11.509000,OCO,31,0 days 00:01:24.109000,11.0,4.0,,,0 days 00:00:27.395000,0 days 00:00:28.782000,0 days 00:00:27.932000,0 days 00:45:14.795000,0 days 00:45:43.577000,0 days 00:46:11.509000,296.0,309.0,282.0,323.0,True,SOFT,5.0,False,Haas F1 Team,0 days 00:44:47.400000,2026-09-05 14:31:24.004,1,,,,False,True,Q
0 days 00:47:57.500000,OCO,31,0 days 00:01:45.991000,12.0,4.0,,0 days 00:47:53.667000,0 days 00:00:32.963000,0 days 00:00:34.658000,0 days 00:00:38.370000,0 days 00:46:44.472000,0 days 00:47:19.130000,0 days 00:47:57.500000,254.0,271.0,,221.0,False,SOFT,6.0,False,Haas F1 Team,0 days 00:46:11.509000,2026-09-05 14:32:48.113,1,,,,False,False,Q
0 days 00:52:48.744000,OCO,31,,13.0,5.0,0 days 00:51:06.652000,,,0 days 00:00:31.047000,0 days 00:00:33.688000,,0 days 00:52:15.199000,0 days 00:52:49.027000,295.0,292.0,290.0,190.0,False,SOFT,1.0,True,Haas F1 Team,0 days 00:47:57.500000,2026-09-05 14:34:34.104,1,,,,False,False,Q
0 days 00:54:12.198000,OCO,31,0 days 00:01:23.454000,14.0,5.0,,,0 days 00:00:27.283000,0 days 00:00:28.487000,0 days 00:00:27.684000,0 days 00:53:16.027000,0 days 00:53:44.514000,0 days 00:54:12.198000,298.0,309.0,282.0,325.0,True,SOFT,2.0,True,Haas F1 Team,0 days 00:52:48.744000,2026-09-05 14:39:25.348,1,,,,False,True,Q
0 days 00:56:12.333000,OCO,31,0 days 00:02:00.135000,15.0,5.0,,0 days 00:56:05.530000,0 days 00:00:39.706000,0 days 00:00:35.970000,0 days 00:00:44.459000,0 days 00:54:51.904000,0 days 00:55:27.874000,0 days 00:56:12.333000,216.0,244.0,,181.0,False,SOFT,3.0,True,Haas F1 Team,0 days 00:54:12.198000,2026-09-05 14:40:48.802,12,,,,False,False,Q
0 days 00:20:44.721000,TSU,22,,1.0,1.0,0 days 00:18:57.416000,,,0 days 00:00:35.236000,0 days 00:00:33.285000,,0 days 00:20:11.575000,0 days 00:20:44.954000,265.0,283.0,286.0,187.0,False,SOFT,1.0,True,Racing Bulls,0 days 00:18:57.416000,2026-09-05 14:05:34.020,1,,,,False,False,Q
0 days 00:22:08.476000,TSU,22,0 days 00:01:23.755000,2.0,1.0,,,0 days 00:00:27.835000,0 days 00:00:28.409000,0 days 00:00:27.511000,0 days 00:21:12.556000,0 days 00:21:40.965000,0 days 00:22:08.476000,299.0,311.0,288.0,315.0,True,SOFT,2.0,True,Racing Bulls,0 days 00:20:44.721000,2026-09-05 14:07:21.325,1,,,,False,True,Q
0 days 00:23:52.149000,TSU,22,0 days 00:01:43.673000,3.0,1.0,,0 days 00:23:48.437000,0 days 00:00:32.317000,0 days 00:00:33.989000,0 days 00:00:37.367000,0 days 00:22:40.793000,0 days 00:23:14.782000,0 days 00:23:52.149000,273.0,270.0,,233.0,False,SOFT,3.0,True,Racing Bulls,0 days 00:22:08.476000,2026-09-05 14:08:45.080,1,,,,False,False,Q
0 days 00:29:59.100000,TSU,22,,4.0,2.0,0 days 00:28:06.790000,,,0 days 00:00:36.458000,0 days 00:00:36.565000,,0 days 00:29:22.641000,0 days 00:29:59.281000,268.0,180.0,287.0,204.0,False,SOFT,1.0,True,Racing Bulls,0 days 00:23:52.149000,2026-09-05 14:10:28.753,1,,,,False,False,Q
0 days 00:31:22.860000,TSU,22,0 days 00:01:23.760000,5.0,2.0,,,0 days 00:00:27.882000,0 days 00:00:28.196000,0 days 00:00:27.682000,0 days 00:30:26.982000,0 days 00:30:55.178000,0 days 00:31:22.860000,298.0,310.0,285.0,315.0,False,SOFT,2.0,True,Racing Bulls,0 days 00:29:59.100000,2026-09-05 14:16:35.704,1,,,,False,True,Q
0 days 00:33:15.034000,TSU,22,0 days 00:01:52.174000,6.0,2.0,,0 days 00:33:11.309000,0 days 00:00:39.291000,0 days 00:00:33.795000,0 days 00:00:39.088000,0 days 00:32:02.151000,0 days 00:32:35.946000,0 days 00:33:15.034000,238.0,286.0,,149.0,False,SOFT,3.0,True,Racing Bulls,0 days 00:31:22.860000,2026-09-05 14:17:59.464,1,,,,False,False,Q
0 days 00:16:08.831000,ALB,23,,1.0,1.0,0 days 00:14:29.742000,,,0 days 00:00:32.163000,0 days 00:00:32.372000,,0 days 00:15:36.502000,0 days 00:16:08.970000,261.0,264.0,302.0,210.0,False,SOFT,1.0,True,Williams,0 days 00:14:29.742000,2026-09-05 14:01:06.346,1,,,,False,False,Q
0 days 00:17:33.187000,ALB,23,0 days 00:01:24.356000,2.0,1.0,,,0 days 00:00:27.232000,0 days 00:00:28.751000,0 days 00:00:28.373000,0 days 00:16:36.063000,0 days 00:17:04.814000,0 days 00:17:33.187000,307.0,322.0,286.0,329.0,True,SOFT,2.0,True,Williams,0 days 00:16:08.831000,2026-09-05 14:02:45.435,1,,,,False,True,Q
0 days 00:19:20.908000,ALB,23,0 days 00:01:47.721000,3.0,1.0,,0 days 00:19:15.778000,0 days 00:00:32.166000,0 days 00:00:36.615000,0 days 00:00:38.940000,0 days 00:18:05.353000,0 days 00:18:41.968000,0 days 00:19:20.908000,256.0,279.0,,298.0,False,SOFT,3.0,True,Williams,0 days 00:17:33.187000,2026-09-05 14:04:09.791,1,,,,False,False,Q
0 days 00:30:15.278000,ALB,23,,4.0,2.0,0 days 00:28:22.290000,,,0 days 00:00:32.110000,0 days 00:00:42.476000,,0 days 00:29:32.828000,0 days 00:30:15.484000,246.0,269.0,285.0,208.0,False,SOFT,4.0,False,Williams,0 days 00:19:20.908000,2026-09-05 14:05:57.512,1,,,,False,False,Q
0 days 00:31:44.056000,ALB,23,0 days 00:01:28.778000,5.0,2.0,,,0 days 00:00:27.992000,0 days 00:00:28.606000,0 days 00:00:32.180000,0 days 00:30:43.270000,0 days 00:31:11.876000,0 days 00:31:44.056000,301.0,319.0,272.0,320.0,False,SOFT,5.0,False,Williams,0 days 00:30:15.278000,2026-09-05 14:16:51.882,1,,,,False,True,Q
0 days 00:33:33.957000,ALB,23,0 days 00:01:49.901000,6.0,2.0,,0 days 00:33:27.810000,0 days 00:00:34.688000,0 days 00:00:33.553000,0 days 00:00:41.660000,0 days 00:32:18.744000,0 days 00:32:52.297000,0 days 00:33:33.957000,257.0,288.0,,207.0,False,SOFT,6.0,False,Williams,0 days 00:31:44.056000,2026-09-05 14:18:20.660,1,,,,False,False,Q
0 days 00:16:25.284000,BOT,77,,1.0,1.0,0 days 00:14:44.741000,,,0 days 00:00:33.492000,0 days 00:00:32.928000,,0 days 00:15:52.376000,0 days 00:16:26.393000,263.0,278.0,287.0,186.0,False,SOFT,1.0,True,Cadillac,0 days 00:14:44.741000,2026-09-05 14:01:21.345,1,,,,False,False,Q
0 days 00:17:50.618000,BOT,77,0 days 00:01:25.334000,2.0,1.0,,,0 days 00:00:27.801000,0 days 00:00:28.747000,0 days 00:00:28.786000,0 days 00:16:53.085000,0 days 00:17:21.832000,0 days 00:17:50.618000,295.0,310.0,278.0,318.0,True,SOFT,2.0,True,Cadillac,0 days 00:16:25.284000,2026-09-05 14:03:01.888,1,,,,False,True,Q
0 days 00:19:35.915000,BOT,77,0 days 00:01:45.297000,3.0,1.0,,0 days 00:19:31.915000,0 days 00:00:32.583000,0 days 00:00:33.047000,0 days 00:00:39.667000,0 days 00:18:23.201000,0 days 00:18:56.248000,0 days 00:19:35.915000,265.0,267.0,,214.0,False,SOFT,3.0,True,Cadillac,0 days 00:17:50.618000,2026-09-05 14:04:27.222,1,,,,False,False,Q
0 days 00:23:39.729000,BOT,77,,4.0,2.0,0 days 00:21:59.951000,,,0 days 00:00:32.909000,0 days 00:00:32.418000,,0 days 00:23:07.311000,0 days 00:23:39.984000,280.0,277.0,289.0,180.0,False,SOFT,1.0,True,Cadillac,0 days 00:19:35.915000,2026-09-05 14:06:12.519,1,,,,False,False,Q
0 days 00:25:04.186000,BOT,77,0 days 00:01:24.457000,5.0,2.0,,,0 days 00:00:27.454000,0 days 00:00:28.589000,0 days 00:00:28.414000,0 days 00:24:07.183000,0 days 00:24:35.772000,0 days 00:25:04.186000,299.0,313.0,282.0,324.0,True,SOFT,2.0,True,Cadillac,0 days 00:23:39.729000,2026-09-05 14:10:16.333,1,,,,False,True,Q
0 days 00:26:51.166000,BOT,77,0 days 00:01:46.980000,6.0,2.0,,0 days 00:26:47.196000,0 days 00:00:32.118000,0 days 00:00:36.387000,0 days 00:00:38.475000,0 days 00:25:36.304000,0 days 00:26:12.691000,0 days 00:26:51.166000,245.0,266.0,,219.0,False,SOFT,3.0,True,Cadillac,0 days 00:25:04.186000,2026-09-05 14:11:40.790,1,,,,False,False,Q
0 days 00:30:27.255000,BOT,77,,7.0,3.0,0 days 00:28:36.619000,,,0 days 00:00:34.307000,0 days 00:00:42.716000,,0 days 00:29:44.672000,0 days 00:30:27.551000,285.0,254.0,288.0,210.0,False,SOFT,1.0,True,Cadillac,0 days 00:26:51.166000,2026-09-05 14:13:27.770,1,,,,False,False,Q
0 days 00:31:51.619000,BOT,77,0 days 00:01:24.364000,8.0,3.0,,,0 days 00:00:27.407000,0 days 00:00:28.602000,0 days 00:00:28.355000,0 days 00:30:54.662000,0 days 00:31:23.264000,0 days 00:31:51.619000,297.0,313.0,280.0,323.0,True,SOFT,2.0,True,Cadillac,0 days 00:30:27.255000,2026-09-05 14:17:03.859,1,,,,False,True,Q
0 days 00:33:49.275000,BOT,77,0 days 00:01:57.656000,9.0,3.0,,0 days 00:33:45.498000,0 days 00:00:36.877000,0 days 00:00:37.956000,0 days 00:00:42.823000,0 days 00:32:28.496000,0 days 00:33:06.452000,0 days 00:33:49.275000,232.0,225.0,,173.0,False,SOFT,3.0,True,Cadillac,0 days 00:31:51.619000,2026-09-05 14:18:28.223,12,,,,False,False,Q
0 days 00:16:22.219000,PER,11,,1.0,1.0,0 days 00:14:42.328000,,,0 days 00:00:32.519000,0 days 00:00:31.769000,,0 days 00:15:50.541000,0 days 00:16:22.453000,241.0,258.0,283.0,154.0,False,SOFT,1.0,True,Cadillac,0 days 00:14:42.328000,2026-09-05 14:01:18.932,1,,,,False,False,Q
0 days 00:17:47.868000,PER,11,0 days 00:01:25.649000,2.0,1.0,,,0 days 00:00:28.015000,0 days 00:00:29.023000,0 days 00:00:28.611000,0 days 00:16:50.234000,0 days 00:17:19.257000,0 days 00:17:47.868000,288.0,303.0,275.0,316.0,True,SOFT,2.0,True,Cadillac,0 days 00:16:22.219000,2026-09-05 14:02:58.823,1,,,,False,True,Q
0 days 00:19:31.190000,PER,11,0 days 00:01:43.322000,3.0,1.0,,0 days 00:19:27.319000,0 days 00:00:32.915000,0 days 00:00:33.560000,0 days 00:00:36.847000,0 days 00:18:20.783000,0 days 00:18:54.343000,0 days 00:19:31.190000,250.0,286.0,,242.0,False,SOFT,3.0,True,Cadillac,0 days 00:17:47.868000,2026-09-05 14:04:24.472,1,,,,False,False,Q
0 days 00:23:36.895000,PER,11,,4.0,2.0,0 days 00:21:58.404000,,,0 days 00:00:32.263000,0 days 00:00:31.189000,,0 days 00:23:05.878000,0 days 00:23:37.145000,274.0,284.0,288.0,164.0,False,SOFT,1.0,True,Cadillac,0 days 00:19:31.190000,2026-09-05 14:06:07.794,1,,,,False,False,Q
0 days 00:25:02.397000,PER,11,0 days 00:01:25.502000,5.0,2.0,,,0 days 00:00:27.470000,0 days 00:00:29.112000,0 days 00:00:28.920000,0 days 00:24:04.365000,0 days 00:24:33.477000,0 days 00:25:02.397000,299.0,315.0,275.0,322.0,True,SOFT,2.0,True,Cadillac,0 days 00:23:36.895000,2026-09-05 14:10:13.499,1,,,,False,True,Q
0 days 00:26:45.552000,PER,11,0 days 00:01:43.155000,6.0,2.0,,0 days 00:26:41.774000,0 days 00:00:32.857000,0 days 00:00:33.574000,0 days 00:00:36.724000,0 days 00:25:35.254000,0 days 00:26:08.828000,0 days 00:26:45.552000,255.0,279.0,,242.0,False,SOFT,3.0,True,Cadillac,0 days 00:25:02.397000,2026-09-05 14:11:39.001,1,,,,False,False,Q
0 days 00:30:24.821000,PER,11,,7.0,3.0,0 days 00:28:33.532000,,,0 days 00:00:34.915000,0 days 00:00:40.771000,,0 days 00:29:44.156000,0 days 00:30:25,285.0,262.0,283.0,194.0,False,SOFT,1.0,True,Cadillac,0 days 00:26:45.552000,2026-09-05 14:13:22.156,1,,,,False,False,Q
0 days 00:31:49.416000,PER,11,0 days 00:01:24.595000,8.0,3.0,,,0 days 00:00:27.703000,0 days 00:00:28.721000,0 days 00:00:28.171000,0 days 00:30:52.524000,0 days 00:31:21.245000,0 days 00:31:49.416000,290.0,310.0,278.0,321.0,True,SOFT,2.0,True,Cadillac,0 days 00:30:24.821000,2026-09-05 14:17:01.425,1,,,,False,True,Q
0 days 00:33:46.611000,PER,11,0 days 00:01:57.195000,9.0,3.0,,0 days 00:33:42.654000,0 days 00:00:36.099000,0 days 00:00:37.860000,0 days 00:00:43.236000,0 days 00:32:25.515000,0 days 00:33:03.375000,0 days 00:33:46.611000,273.0,280.0,,197.0,False,SOFT,3.0,True,Cadillac,0 days 00:31:49.416000,2026-09-05 14:18:26.020,12,,,,False,False,Q
0 days 00:16:12.343000,ALO,14,,1.0,1.0,0 days 00:14:32.976000,,,0 days 00:00:32.916000,0 days 00:00:31.169000,,0 days 00:15:41.220000,0 days 00:16:12.437000,259.0,267.0,287.0,199.0,False,SOFT,1.0,True,Aston Martin,0 days 00:14:32.976000,2026-09-05 14:01:09.580,1,,,,False,False,Q
0 days 00:17:37.613000,ALO,14,0 days 00:01:25.270000,2.0,1.0,,,0 days 00:00:27.945000,0 days 00:00:29.091000,0 days 00:00:28.234000,0 days 00:16:40.288000,0 days 00:17:09.379000,0 days 00:17:37.613000,288.0,302.0,277.0,314.0,True,SOFT,2.0,True,Aston Martin,0 days 00:16:12.343000,2026-09-05 14:02:48.947,1,,,,False,True,Q
0 days 00:19:33.746000,ALO,14,0 days 00:01:56.133000,3.0,1.0,,0 days 00:19:29.988000,0 days 00:00:42.349000,0 days 00:00:35.518000,0 days 00:00:38.266000,0 days 00:18:19.962000,0 days 00:18:55.480000,0 days 00:19:33.746000,207.0,279.0,,155.0,False,SOFT,3.0,True,Aston Martin,0 days 00:17:37.613000,2026-09-05 14:04:14.217,1,,,,False,False,Q
0 days 00:23:27.209000,ALO,14,,4.0,2.0,0 days 00:21:51.864000,,,0 days 00:00:31.966000,0 days 00:00:30.513000,,0 days 00:22:57.276000,0 days 00:23:27.494000,256.0,269.0,283.0,174.0,False,SOFT,4.0,False,Aston Martin,0 days 00:19:33.746000,2026-09-05 14:06:10.350,1,,,,False,False,Q
0 days 00:24:52.359000,ALO,14,0 days 00:01:25.150000,5.0,2.0,,,0 days 00:00:27.995000,0 days 00:00:28.800000,0 days 00:00:28.355000,0 days 00:23:55.204000,0 days 00:24:24.004000,0 days 00:24:52.359000,289.0,297.0,276.0,308.0,True,SOFT,5.0,False,Aston Martin,0 days 00:23:27.209000,2026-09-05 14:10:03.813,1,,,,False,True,Q
0 days 00:26:37.115000,ALO,14,0 days 00:01:44.756000,6.0,2.0,,0 days 00:26:33.462000,0 days 00:00:32.722000,0 days 00:00:34.465000,0 days 00:00:37.569000,0 days 00:25:25.081000,0 days 00:25:59.546000,0 days 00:26:37.115000,226.0,239.0,,236.0,False,SOFT,6.0,False,Aston Martin,0 days 00:24:52.359000,2026-09-05 14:11:28.963,1,,,,False,False,Q
0 days 00:16:02.215000,STR,18,,1.0,1.0,0 days 00:14:23.562000,,,0 days 00:00:33.446000,0 days 00:00:31.688000,,0 days 00:15:30.533000,0 days 00:16:02.327000,259.0,275.0,282.0,193.0,False,SOFT,1.0,True,Aston Martin,0 days 00:14:23.562000,2026-09-05 14:01:00.166,1,,,,False,False,Q
0 days 00:17:29.162000,STR,18,0 days 00:01:26.947000,2.0,1.0,,,0 days 00:00:28.406000,0 days 00:00:29.733000,0 days 00:00:28.808000,0 days 00:16:30.621000,0 days 00:17:00.354000,0 days 00:17:29.162000,286.0,298.0,273.0,306.0,True,SOFT,2.0,True,Aston Martin,0 days 00:16:02.215000,2026-09-05 14:02:38.819,1,,,,False,True,Q
0 days 00:19:22.838000,STR,18,0 days 00:01:53.676000,3.0,1.0,,0 days 00:19:18.964000,0 days 00:00:36.956000,0 days 00:00:37.985000,0 days 00:00:38.735000,0 days 00:18:06.118000,0 days 00:18:44.103000,0 days 00:19:22.838000,209.0,269.0,,200.0,False,SOFT,3.0,True,Aston Martin,0 days 00:17:29.162000,2026-09-05 14:04:05.766,1,,,,False,False,Q
0 days 00:23:35.798000,STR,18,,4.0,2.0,0 days 00:21:53.276000,,,0 days 00:00:36.623000,0 days 00:00:31.905000,,0 days 00:23:04.065000,0 days 00:23:36.067000,223.0,276.0,281.0,188.0,False,SOFT,4.0,False,Aston Martin,0 days 00:19:22.838000,2026-09-05 14:05:59.442,1,,,,False,False,Q
0 days 00:25:01.205000,STR,18,0 days 00:01:25.407000,5.0,2.0,,,0 days 00:00:28.039000,0 days 00:00:28.940000,0 days 00:00:28.428000,0 days 00:24:03.837000,0 days 00:24:32.777000,0 days 00:25:01.205000,288.0,305.0,274.0,313.0,True,SOFT,5.0,False,Aston Martin,0 days 00:23:35.798000,2026-09-05 14:10:12.402,1,,,,False,True,Q
0 days 00:26:55.555000,STR,18,0 days 00:01:54.350000,6.0,2.0,,0 days 00:26:51.946000,0 days 00:00:33.838000,0 days 00:00:38.965000,0 days 00:00:41.547000,0 days 00:25:35.043000,0 days 00:26:14.008000,0 days 00:26:55.555000,228.0,243.0,,235.0,False,SOFT,6.0,False,Aston Martin,0 days 00:25:01.205000,2026-09-05 14:11:37.809,1,,,,False,False,Q
0 days 00:30:21.897000,STR,18,,7.0,3.0,0 days 00:28:28.450000,,,0 days 00:00:35.796000,0 days 00:00:40.714000,,0 days 00:29:41.234000,0 days 00:30:22.201000,277.0,273.0,281.0,167.0,False,SOFT,1.0,True,Aston Martin,0 days 00:26:55.555000,2026-09-05 14:13:32.159,1,,,,False,False,Q
0 days 00:31:47.119000,STR,18,0 days 00:01:25.222000,8.0,3.0,,,0 days 00:00:28.084000,0 days 00:00:28.775000,0 days 00:00:28.363000,0 days 00:30:49.981000,0 days 00:31:18.756000,0 days 00:31:47.119000,287.0,304.0,274.0,309.0,True,SOFT,2.0,True,Aston Martin,0 days 00:30:21.897000,2026-09-05 14:16:58.501,1,,,,False,True,Q
0 days 00:33:44.402000,STR,18,0 days 00:01:57.283000,9.0,3.0,,0 days 00:33:40.647000,0 days 00:00:35.206000,0 days 00:00:39.149000,0 days 00:00:42.928000,0 days 00:32:22.325000,0 days 00:33:01.474000,0 days 00:33:44.402000,224.0,258.0,,194.0,False,SOFT,3.0,True,Aston Martin,0 days 00:31:47.119000,2026-09-05 14:18:23.723,12,,,,False,False,Q
