Driver,DriverNumber,LapTime,LapNumber,Stint,Sector1Time,Sector2Time,Sector3Time,SpeedI1,SpeedI2,SpeedFL,SpeedST,IsPersonalBest,Compound,TyreLife,FreshTyre,Team,LapStartTime,TrackStatus,Session,TrackTemp,AirTemp,Humidity
NOR,1,93.212,2.0,1.0,29.313,37.423,26.476,298.0,260.0,231.0,296.0,True,HARD,2.0,True,McLaren,0 days 00:17:42.677000,1,FP1,,,
NOR,1,106.833,4.0,1.0,31.841,43.196,31.796,258.0,198.0,243.0,233.0,True,HARD,4.0,True,McLaren,0 days 00:21:45.872000,1,FP1,,,
NOR,1,92.179,5.0,1.0,29.139,37.392,25.648,305.0,261.0,235.0,296.0,True,HARD,5.0,True,McLaren,0 days 00:23:32.705000,1,FP1,,,
NOR,1,132.965,6.0,1.0,41.963,56.229,34.773,187.0,166.0,236.0,148.0,True,HARD,6.0,True,McLaren,0 days 00:25:04.884000,1,FP1,,,
NOR,1,91.595,7.0,1.0,28.898,37.099,25.598,303.0,262.0,236.0,301.0,True,HARD,7.0,True,McLaren,0 days 00:27:17.849000,1,FP1,,,
NOR,1,125.918,8.0,1.0,38.404,53.15,34.364,200.0,196.0,240.0,206.0,False,HARD,8.0,True,McLaren,0 days 00:28:49.444000,1,FP1,,,
NOR,1,91.575,11.0,2.0,28.886,36.989,25.7,306.0,264.0,230.0,300.0,True,HARD,11.0,False,McLaren,0 days 00:42:36.159000,1,FP1,,,
NOR,1,102.087,12.0,2.0,33.728,42.001,26.358,217.0,252.0,247.0,294.0,False,HARD,12.0,False,McLaren,0 days 00:44:07.734000,1,FP1,,,
NOR,1,94.02,13.0,2.0,29.684,37.637,26.699,305.0,259.0,256.0,251.0,False,HARD,13.0,False,McLaren,0 days 00:45:49.821000,1,FP1,,,
NOR,1,92.289,14.0,2.0,29.051,37.433,25.805,301.0,259.0,255.0,300.0,False,HARD,14.0,False,McLaren,0 days 00:47:23.841000,1,FP1,,,
NOR,1,94.517,15.0,2.0,29.614,38.993,25.91,304.0,252.0,252.0,299.0,False,HARD,15.0,False,McLaren,0 days 00:48:56.130000,12,FP1,,,
NOR,1,93.92,16.0,2.0,29.632,37.981,26.307,302.0,262.0,239.0,306.0,False,HARD,16.0,False,McLaren,0 days 00:50:30.647000,1,FP1,,,
NOR,1,94.028,17.0,2.0,30.247,37.947,25.834,302.0,259.0,254.0,296.0,False,HARD,17.0,False,McLaren,0 days 00:52:04.567000,1,FP1,,,
NOR,1,90.288,20.0,3.0,28.508,36.41,25.37,306.0,261.0,235.0,296.0,True,SOFT,2.0,True,McLaren,0 days 01:05:27.921000,1,FP1,,,
NOR,1,90.676,23.0,4.0,28.635,36.483,25.558,302.0,263.0,234.0,302.0,False,SOFT,5.0,False,McLaren,0 days 01:11:37.285000,1,FP1,,,
NOR,1,123.585,24.0,4.0,41.116,49.246,33.223,159.0,235.0,212.0,175.0,False,SOFT,6.0,False,McLaren,0 days 01:13:07.961000,1,FP1,,,
NOR,1,125.534,25.0,4.0,37.931,46.601,41.002,250.0,226.0,46.0,251.0,False,SOFT,7.0,False,McLaren,0 days 01:15:11.546000,1,FP1,,,
VER,3,92.653,2.0,1.0,29.301,37.645,25.707,297.0,260.0,226.0,299.0,True,HARD,2.0,True,Red Bull Racing,0 days 00:21:09.855000,1,FP1,,,
VER,3,145.112,3.0,1.0,47.98,55.759,41.373,189.0,96.0,239.0,208.0,False,HARD,3.0,True,Red Bull Racing,0 days 00:22:42.508000,1,FP1,,,
VER,3,91.277,4.0,1.0,28.789,37.017,25.471,300.0,261.0,226.0,300.0,True,HARD,4.0,True,Red Bull Racing,0 days 00:25:07.620000,1,FP1,,,
VER,3,116.106,6.0,1.0,30.198,46.679,39.229,245.0,247.0,239.0,269.0,False,HARD,6.0,True,Red Bull Racing,0 days 00:29:14.793000,1,FP1,,,
VER,3,92.646,7.0,1.0,28.952,37.113,26.581,301.0,261.0,226.0,297.0,False,HARD,7.0,True,Red Bull Racing,0 days 00:31:10.899000,1,FP1,,,
VER,3,93.039,10.0,2.0,29.762,37.812,25.465,300.0,262.0,248.0,305.0,False,HARD,10.0,False,Red Bull Racing,0 days 00:42:40.100000,1,FP1,,,
VER,3,94.128,11.0,2.0,30.043,38.252,25.833,294.0,256.0,248.0,300.0,False,HARD,11.0,False,Red Bull Racing,0 days 00:44:13.139000,1,FP1,,,
VER,3,93.633,12.0,2.0,29.581,38.27,25.782,307.0,256.0,246.0,304.0,False,HARD,12.0,False,Red Bull Racing,0 days 00:45:47.267000,1,FP1,,,
VER,3,94.132,13.0,2.0,30.012,37.925,26.195,295.0,250.0,247.0,289.0,False,HARD,13.0,False,Red Bull Racing,0 days 00:47:20.900000,1,FP1,,,
VER,3,94.429,14.0,2.0,30.175,38.517,25.737,292.0,255.0,245.0,295.0,False,HARD,14.0,False,Red Bull Racing,0 days 00:48:55.032000,12,FP1,,,
VER,3,94.852,15.0,2.0,30.3,38.159,26.393,292.0,255.0,248.0,295.0,False,HARD,15.0,False,Red Bull Racing,0 days 00:50:29.461000,1,FP1,,,
VER,3,95.093,16.0,2.0,30.529,38.617,25.947,292.0,256.0,242.0,303.0,False,HARD,16.0,False,Red Bull Racing,0 days 00:52:04.313000,1,FP1,,,
VER,3,94.35,17.0,2.0,30.341,38.228,25.781,293.0,257.0,245.0,305.0,False,HARD,17.0,False,Red Bull Racing,0 days 00:53:39.406000,1,FP1,,,
VER,3,94.876,18.0,2.0,30.295,38.349,26.232,294.0,251.0,244.0,300.0,False,HARD,18.0,False,Red Bull Racing,0 days 00:55:13.756000,1,FP1,,,
VER,3,90.24,21.0,3.0,28.692,36.628,24.92,303.0,261.0,236.0,301.0,True,SOFT,2.0,True,Red Bull Racing,0 days 01:08:40.078000,1,FP1,,,
VER,3,115.529,23.0,3.0,39.12,46.272,30.137,117.0,238.0,244.0,202.0,False,SOFT,4.0,True,Red Bull Racing,0 days 01:12:42.848000,1,FP1,,,
VER,3,90.268,24.0,3.0,28.671,36.462,25.135,304.0,263.0,236.0,302.0,False,SOFT,5.0,True,Red Bull Racing,0 days 01:14:38.377000,1,FP1,,,
VER,3,143.733,25.0,3.0,46.709,53.943,43.081,160.0,232.0,43.0,241.0,False,SOFT,6.0,True,Red Bull Racing,0 days 01:16:08.645000,1,FP1,,,
BOR,5,94.93,2.0,1.0,30.373,38.411,26.146,294.0,259.0,235.0,297.0,True,HARD,2.0,True,Audi,0 days 00:17:18.337000,1,FP1,,,
BOR,5,143.114,3.0,1.0,44.837,52.693,45.584,187.0,179.0,240.0,241.0,False,HARD,3.0,True,Audi,0 days 00:18:53.267000,1,FP1,,,
BOR,5,93.545,4.0,1.0,30.315,37.541,25.689,287.0,259.0,236.0,297.0,True,HARD,4.0,True,Audi,0 days 00:21:16.381000,1,FP1,,,
BOR,5,144.275,5.0,1.0,46.774,54.495,43.006,170.0,112.0,239.0,103.0,False,HARD,5.0,True,Audi,0 days 00:22:49.926000,1,FP1,,,
BOR,5,92.355,6.0,1.0,29.651,37.252,25.452,292.0,261.0,237.0,296.0,True,HARD,6.0,True,Audi,0 days 00:25:14.201000,1,FP1,,,
BOR,5,92.016,8.0,1.0,29.352,37.198,25.466,291.0,260.0,236.0,298.0,True,HARD,8.0,True,Audi,0 days 00:29:27.760000,1,FP1,,,
BOR,5,139.252,9.0,1.0,41.372,62.187,35.693,190.0,166.0,243.0,159.0,False,HARD,9.0,True,Audi,0 days 00:30:59.776000,1,FP1,,,
BOR,5,91.813,10.0,1.0,29.324,37.026,25.463,291.0,260.0,235.0,293.0,True,HARD,10.0,True,Audi,0 days 00:33:19.028000,1,FP1,,,
BOR,5,92.621,15.0,3.0,29.465,37.359,25.797,291.0,258.0,224.0,293.0,False,HARD,15.0,False,Audi,0 days 00:49:41.807000,12,FP1,,,
BOR,5,100.678,16.0,3.0,36.237,38.492,25.949,297.0,257.0,249.0,292.0,False,HARD,16.0,False,Audi,0 days 00:51:14.428000,1,FP1,,,
BOR,5,94.509,17.0,3.0,29.971,38.615,25.923,285.0,258.0,250.0,294.0,False,HARD,17.0,False,Audi,0 days 00:52:55.106000,1,FP1,,,
BOR,5,94.4,18.0,3.0,29.796,38.31,26.294,287.0,259.0,247.0,295.0,False,HARD,18.0,False,Audi,0 days 00:54:29.615000,1,FP1,,,
BOR,5,94.441,19.0,3.0,29.708,38.607,26.126,292.0,256.0,248.0,294.0,False,HARD,19.0,False,Audi,0 days 00:56:04.015000,1,FP1,,,
BOR,5,91.035,22.0,4.0,29.018,36.864,25.153,292.0,263.0,238.0,296.0,True,MEDIUM,2.0,True,Audi,0 days 01:07:48.798000,1,FP1,,,
BOR,5,92.267,25.0,5.0,29.154,37.45,25.663,290.0,261.0,226.0,295.0,False,MEDIUM,5.0,False,Audi,0 days 01:13:34.567000,1,FP1,,,
BOR,5,136.104,26.0,5.0,43.357,52.027,40.72,191.0,195.0,50.0,216.0,False,MEDIUM,6.0,False,Audi,0 days 01:15:06.834000,1,FP1,,,
HAD,6,93.177,2.0,1.0,29.716,37.74,25.721,300.0,260.0,228.0,303.0,True,HARD,2.0,True,Red Bull Racing,0 days 00:18:28.488000,1,FP1,,,
HAD,6,91.697,4.0,1.0,29.009,37.093,25.595,302.0,260.0,227.0,300.0,True,HARD,4.0,True,Red Bull Racing,0 days 00:22:34.742000,1,FP1,,,
HAD,6,90.969,6.0,1.0,28.809,36.816,25.344,302.0,262.0,237.0,297.0,True,HARD,6.0,True,Red Bull Racing,0 days 00:26:40.322000,1,FP1,,,
HAD,6,94.234,9.0,2.0,29.98,38.362,25.892,290.0,258.0,245.0,300.0,False,HARD,9.0,False,Red Bull Racing,0 days 00:41:11.466000,1,FP1,,,
HAD,6,93.708,10.0,2.0,29.874,38.102,25.732,289.0,261.0,245.0,308.0,False,HARD,10.0,False,Red Bull Racing,0 days 00:42:45.700000,1,FP1,,,
HAD,6,94.165,11.0,2.0,30.025,38.282,25.858,292.0,257.0,243.0,312.0,False,HARD,11.0,False,Red Bull Racing,0 days 00:44:19.408000,1,FP1,,,
HAD,6,102.116,12.0,2.0,30.03,43.171,28.915,297.0,226.0,254.0,271.0,False,HARD,12.0,False,Red Bull Racing,0 days 00:45:53.573000,1,FP1,,,
HAD,6,93.492,13.0,2.0,29.818,38.068,25.606,287.0,257.0,255.0,299.0,False,HARD,13.0,False,Red Bull Racing,0 days 00:47:35.689000,1,FP1,,,
HAD,6,94.144,14.0,2.0,29.981,38.239,25.924,287.0,256.0,255.0,293.0,False,HARD,14.0,False,Red Bull Racing,0 days 00:49:09.181000,12,FP1,,,
HAD,6,93.936,15.0,2.0,29.964,38.212,25.76,285.0,257.0,254.0,297.0,False,HARD,15.0,False,Red Bull Racing,0 days 00:50:43.325000,1,FP1,,,
HAD,6,94.36,16.0,2.0,30.198,38.326,25.836,286.0,256.0,255.0,299.0,False,HARD,16.0,False,Red Bull Racing,0 days 00:52:17.261000,1,FP1,,,
HAD,6,94.423,17.0,2.0,30.012,38.565,25.846,290.0,256.0,251.0,301.0,False,HARD,17.0,False,Red Bull Racing,0 days 00:53:51.621000,1,FP1,,,
HAD,6,90.338,20.0,3.0,28.665,36.652,25.021,302.0,261.0,240.0,300.0,True,SOFT,2.0,True,Red Bull Racing,0 days 01:04:54.928000,1,FP1,,,
HAD,6,144.481,21.0,3.0,49.083,59.759,35.639,163.0,162.0,190.0,210.0,False,SOFT,3.0,True,Red Bull Racing,0 days 01:06:25.266000,1,FP1,,,
HAD,6,115.479,22.0,3.0,36.525,47.598,31.356,269.0,216.0,180.0,281.0,False,SOFT,4.0,True,Red Bull Racing,0 days 01:08:49.747000,1,FP1,,,
HAD,6,112.345,23.0,3.0,36.244,45.73,30.371,267.0,205.0,244.0,177.0,False,SOFT,5.0,True,Red Bull Racing,0 days 01:10:45.226000,1,FP1,,,
HAD,6,90.414,24.0,3.0,28.673,36.558,25.183,298.0,262.0,232.0,302.0,False,SOFT,6.0,True,Red Bull Racing,0 days 01:12:37.571000,1,FP1,,,
HAD,6,131.384,25.0,3.0,41.965,51.402,38.017,238.0,117.0,163.0,264.0,False,SOFT,7.0,True,Red Bull Racing,0 days 01:14:07.985000,1,FP1,,,
HAD,6,136.421,26.0,3.0,40.703,51.532,44.186,207.0,196.0,88.0,257.0,False,SOFT,8.0,True,Red Bull Racing,0 days 01:16:19.369000,1,FP1,,,
GAS,10,95.045,3.0,2.0,30.13,38.609,26.306,296.0,257.0,234.0,296.0,True,HARD,3.0,False,Alpine,0 days 00:21:02.053000,1,FP1,,,
GAS,10,142.152,4.0,2.0,44.198,59.778,38.176,173.0,175.0,243.0,239.0,False,HARD,4.0,False,Alpine,0 days 00:22:37.098000,1,FP1,,,
GAS,10,93.398,5.0,2.0,29.671,37.999,25.728,301.0,256.0,238.0,296.0,True,HARD,5.0,False,Alpine,0 days 00:24:59.250000,1,FP1,,,
GAS,10,141.361,6.0,2.0,49.223,61.626,30.512,131.0,195.0,244.0,274.0,False,HARD,6.0,False,Alpine,0 days 00:26:32.648000,1,FP1,,,
GAS,10,107.647,7.0,2.0,29.335,46.233,32.079,298.0,169.0,242.0,250.0,False,HARD,7.0,False,Alpine,0 days 00:28:54.009000,1,FP1,,,
GAS,10,93.512,8.0,2.0,29.634,38.089,25.789,299.0,261.0,234.0,297.0,False,HARD,8.0,False,Alpine,0 days 00:30:41.656000,1,FP1,,,
GAS,10,133.915,9.0,2.0,44.715,57.864,31.336,136.0,175.0,244.0,220.0,False,HARD,9.0,False,Alpine,0 days 00:32:15.168000,1,FP1,,,
GAS,10,93.019,10.0,2.0,29.379,37.803,25.837,294.0,255.0,238.0,297.0,True,HARD,10.0,False,Alpine,0 days 00:34:29.083000,1,FP1,,,
GAS,10,93.803,15.0,4.0,29.567,38.24,25.996,298.0,256.0,237.0,298.0,False,HARD,15.0,False,Alpine,0 days 00:53:50.260000,1,FP1,,,
GAS,10,101.628,16.0,4.0,32.577,42.31,26.741,231.0,247.0,247.0,289.0,False,HARD,16.0,False,Alpine,0 days 00:55:24.063000,1,FP1,,,
GAS,10,123.885,19.0,5.0,38.093,52.812,32.98,198.0,183.0,251.0,169.0,False,MEDIUM,2.0,True,Alpine,0 days 01:08:47.238000,1,FP1,,,
GAS,10,92.195,20.0,5.0,29.311,37.29,25.594,311.0,259.0,238.0,296.0,False,MEDIUM,3.0,True,Alpine,0 days 01:10:51.123000,1,FP1,,,
GAS,10,122.996,23.0,6.0,35.515,46.874,40.607,199.0,198.0,56.0,200.0,False,HARD,19.0,False,Alpine,0 days 01:16:23.788000,1,FP1,,,
PER,11,97.536,2.0,1.0,31.185,39.187,27.164,285.0,257.0,208.0,303.0,True,HARD,2.0,True,Cadillac,0 days 00:18:11.216000,1,FP1,,,
PER,11,144.575,3.0,1.0,46.355,54.371,43.849,208.0,194.0,229.0,141.0,False,HARD,3.0,True,Cadillac,0 days 00:19:48.752000,1,FP1,,,
PER,11,95.382,4.0,1.0,30.508,38.56,26.314,289.0,258.0,216.0,307.0,True,HARD,4.0,True,Cadillac,0 days 00:22:13.327000,1,FP1,,,
PER,11,93.969,6.0,1.0,29.794,37.982,26.193,295.0,262.0,224.0,305.0,True,HARD,6.0,True,Cadillac,0 days 00:26:19.324000,1,FP1,,,
PER,11,95.907,8.0,1.0,30.712,38.935,26.26,286.0,254.0,249.0,299.0,False,HARD,8.0,True,Cadillac,0 days 00:30:24.524000,1,FP1,,,
PER,11,95.541,9.0,1.0,30.062,38.996,26.483,288.0,256.0,245.0,292.0,False,HARD,9.0,True,Cadillac,0 days 00:32:00.431000,1,FP1,,,
PER,11,97.04,10.0,1.0,31.451,39.117,26.472,281.0,253.0,247.0,293.0,False,HARD,10.0,True,Cadillac,0 days 00:33:35.972000,1,FP1,,,
PER,11,95.262,11.0,1.0,30.282,38.619,26.361,287.0,255.0,248.0,297.0,False,HARD,11.0,True,Cadillac,0 days 00:35:13.012000,1,FP1,,,
PER,11,95.223,12.0,1.0,30.387,38.748,26.088,283.0,261.0,247.0,314.0,False,HARD,12.0,True,Cadillac,0 days 00:36:48.274000,1,FP1,,,
PER,11,95.482,13.0,1.0,30.319,38.822,26.341,284.0,257.0,248.0,296.0,False,HARD,13.0,True,Cadillac,0 days 00:38:23.497000,1,FP1,,,
PER,11,95.225,14.0,1.0,30.211,38.648,26.366,287.0,257.0,248.0,295.0,False,HARD,14.0,True,Cadillac,0 days 00:39:58.979000,1,FP1,,,
PER,11,92.951,17.0,2.0,29.474,37.731,25.746,295.0,260.0,237.0,308.0,True,SOFT,2.0,True,Cadillac,0 days 00:54:34.864000,1,FP1,,,
PER,11,92.241,20.0,3.0,29.318,37.2,25.723,298.0,265.0,234.0,303.0,True,MEDIUM,2.0,True,Cadillac,0 days 01:13:13.681000,1,FP1,,,
PER,11,127.096,21.0,3.0,44.611,52.015,30.47,230.0,183.0,235.0,276.0,False,MEDIUM,3.0,True,Cadillac,0 days 01:14:45.922000,1,FP1,,,
PER,11,125.368,22.0,3.0,29.704,53.303,42.361,291.0,173.0,54.0,266.0,False,MEDIUM,4.0,True,Cadillac,0 days 01:16:53.018000,1,FP1,,,
ANT,12,92.579,2.0,1.0,29.083,37.308,26.188,295.0,250.0,240.0,287.0,True,HARD,2.0,True,Mercedes,0 days 00:17:49.251000,1,FP1,,,
ANT,12,111.169,4.0,1.0,32.855,50.104,28.21,134.0,202.0,235.0,277.0,False,HARD,4.0,True,Mercedes,0 days 00:21:51.727000,1,FP1,,,
ANT,12,91.806,5.0,1.0,28.877,36.948,25.981,293.0,249.0,242.0,285.0,True,HARD,5.0,True,Mercedes,0 days 00:23:42.896000,1,FP1,,,
ANT,12,130.019,6.0,1.0,44.954,52.486,32.579,203.0,157.0,234.0,216.0,False,HARD,6.0,True,Mercedes,0 days 00:25:14.702000,1,FP1,,,
ANT,12,90.976,7.0,1.0,28.87,36.643,25.463,298.0,254.0,239.0,289.0,True,HARD,7.0,True,Mercedes,0 days 00:27:24.721000,1,FP1,,,
ANT,12,143.349,8.0,1.0,48.637,54.268,40.444,90.0,223.0,183.0,178.0,False,HARD,8.0,True,Mercedes,0 days 00:28:55.697000,1,FP1,,,
ANT,12,111.026,9.0,1.0,34.345,45.072,31.609,141.0,184.0,235.0,223.0,False,HARD,9.0,True,Mercedes,0 days 00:31:19.046000,1,FP1,,,
ANT,12,106.922,10.0,1.0,33.393,44.286,29.243,240.0,215.0,237.0,251.0,False,HARD,10.0,True,Mercedes,0 days 00:33:10.072000,1,FP1,,,
ANT,12,90.777,11.0,1.0,28.826,36.766,25.185,298.0,262.0,241.0,296.0,True,HARD,11.0,True,Mercedes,0 days 00:34:56.994000,1,FP1,,,
ANT,12,93.253,14.0,2.0,29.63,37.992,25.631,302.0,259.0,251.0,314.0,False,HARD,14.0,False,Mercedes,0 days 00:44:17.971000,1,FP1,,,
ANT,12,96.162,15.0,2.0,29.377,37.924,28.861,306.0,260.0,253.0,304.0,False,HARD,15.0,False,Mercedes,0 days 00:45:51.224000,1,FP1,,,
ANT,12,92.668,16.0,2.0,29.553,37.475,25.64,296.0,260.0,251.0,299.0,False,HARD,16.0,False,Mercedes,0 days 00:47:27.386000,1,FP1,,,
ANT,12,93.253,17.0,2.0,29.483,38.012,25.758,304.0,256.0,249.0,298.0,False,HARD,17.0,False,Mercedes,0 days 00:49:00.054000,12,FP1,,,
ANT,12,92.618,18.0,2.0,29.596,37.294,25.728,303.0,261.0,252.0,302.0,False,HARD,18.0,False,Mercedes,0 days 00:50:33.307000,1,FP1,,,
ANT,12,98.082,19.0,2.0,29.501,38.574,30.007,316.0,257.0,250.0,311.0,False,HARD,19.0,False,Mercedes,0 days 00:52:05.925000,1,FP1,,,
ANT,12,93.297,20.0,2.0,29.868,37.518,25.911,301.0,259.0,254.0,299.0,False,HARD,20.0,False,Mercedes,0 days 00:53:44.007000,1,FP1,,,
ANT,12,92.584,21.0,2.0,29.426,37.486,25.672,301.0,261.0,253.0,300.0,False,HARD,21.0,False,Mercedes,0 days 00:55:17.304000,1,FP1,,,
ANT,12,89.473,24.0,3.0,28.369,36.209,24.895,298.0,263.0,241.0,298.0,True,SOFT,2.0,True,Mercedes,0 days 01:04:21.883000,1,FP1,,,
ANT,12,107.693,27.0,4.0,31.206,38.177,38.31,309.0,244.0,49.0,271.0,False,SOFT,5.0,False,Mercedes,0 days 01:16:13.124000,1,FP1,,,
ALO,14,96.571,2.0,1.0,30.83,39.35,26.391,276.0,257.0,243.0,292.0,True,HARD,2.0,True,Aston Martin,0 days 00:18:30.904000,1,FP1,,,
ALO,14,95.939,3.0,1.0,30.784,38.98,26.175,277.0,260.0,243.0,292.0,True,HARD,3.0,True,Aston Martin,0 days 00:20:07.475000,1,FP1,,,
ALO,14,137.44,4.0,1.0,40.097,53.751,43.592,204.0,219.0,222.0,192.0,False,HARD,4.0,True,Aston Martin,0 days 00:21:43.414000,1,FP1,,,
ALO,14,95.35,5.0,1.0,30.04,38.816,26.494,283.0,254.0,209.0,287.0,True,HARD,5.0,True,Aston Martin,0 days 00:24:00.854000,1,FP1,,,
ALO,14,131.948,6.0,1.0,47.553,51.053,33.342,150.0,211.0,227.0,124.0,False,HARD,6.0,True,Aston Martin,0 days 00:25:36.204000,1,FP1,,,
ALO,14,94.771,7.0,1.0,29.829,38.46,26.482,284.0,257.0,211.0,284.0,True,HARD,7.0,True,Aston Martin,0 days 00:27:48.152000,1,FP1,,,
ALO,14,133.653,8.0,1.0,42.254,56.031,35.368,218.0,206.0,230.0,224.0,False,HARD,8.0,True,Aston Martin,0 days 00:29:22.923000,1,FP1,,,
ALO,14,94.88,9.0,1.0,29.816,38.513,26.551,285.0,257.0,209.0,285.0,False,HARD,9.0,True,Aston Martin,0 days 00:31:36.576000,1,FP1,,,
ALO,14,93.204,12.0,2.0,29.399,37.916,25.889,288.0,259.0,214.0,294.0,True,SOFT,2.0,True,Aston Martin,0 days 00:46:16.925000,1,FP1,,,
ALO,14,94.178,15.0,3.0,29.767,38.057,26.354,286.0,255.0,210.0,290.0,False,SOFT,5.0,False,Aston Martin,0 days 00:52:45.991000,1,FP1,,,
ALO,14,117.368,18.0,4.0,34.714,51.343,31.311,251.0,215.0,238.0,257.0,False,MEDIUM,2.0,True,Aston Martin,0 days 01:06:09.743000,1,FP1,,,
ALO,14,92.957,19.0,4.0,29.475,37.713,25.769,292.0,256.0,232.0,286.0,True,MEDIUM,3.0,True,Aston Martin,0 days 01:08:07.111000,1,FP1,,,
ALO,14,147.467,20.0,4.0,49.324,65.992,32.151,121.0,214.0,235.0,258.0,False,MEDIUM,4.0,True,Aston Martin,0 days 01:09:40.068000,1,FP1,,,
ALO,14,121.839,21.0,4.0,31.088,53.579,37.172,217.0,213.0,230.0,258.0,False,MEDIUM,5.0,True,Aston Martin,0 days 01:12:07.535000,1,FP1,,,
ALO,14,94.584,22.0,4.0,29.61,37.847,27.127,290.0,258.0,216.0,292.0,False,MEDIUM,6.0,True,Aston Martin,0 days 01:14:09.374000,1,FP1,,,
ALO,14,113.496,23.0,4.0,33.909,42.126,37.461,219.0,235.0,62.0,217.0,False,MEDIUM,7.0,True,Aston Martin,0 days 01:15:43.958000,1,FP1,,,
LEC,16,93.8,2.0,1.0,30.34,37.803,25.657,282.0,260.0,226.0,303.0,True,HARD,2.0,True,Ferrari,0 days 00:17:32.976000,1,FP1,,,
LEC,16,143.269,3.0,1.0,40.236,55.822,47.211,226.0,174.0,229.0,148.0,False,HARD,3.0,True,Ferrari,0 days 00:19:06.776000,1,FP1,,,
LEC,16,92.6,4.0,1.0,29.735,37.372,25.493,287.0,261.0,232.0,308.0,True,HARD,4.0,True,Ferrari,0 days 00:21:30.045000,1,FP1,,,
LEC,16,145.255,5.0,1.0,47.301,57.016,40.938,146.0,151.0,231.0,131.0,False,HARD,5.0,True,Ferrari,0 days 00:23:02.645000,1,FP1,,,
LEC,16,91.548,6.0,1.0,29.289,36.942,25.317,290.0,264.0,233.0,304.0,True,HARD,6.0,True,Ferrari,0 days 00:25:27.900000,1,FP1,,,
LEC,16,142.075,7.0,1.0,42.579,53.394,46.102,99.0,189.0,233.0,211.0,False,HARD,7.0,True,Ferrari,0 days 00:26:59.448000,1,FP1,,,
LEC,16,91.327,8.0,1.0,29.155,36.784,25.388,287.0,264.0,232.0,303.0,True,HARD,8.0,True,Ferrari,0 days 00:29:21.523000,1,FP1,,,
LEC,16,133.347,9.0,1.0,41.177,59.356,32.814,189.0,127.0,234.0,235.0,False,HARD,9.0,True,Ferrari,0 days 00:30:52.850000,1,FP1,,,
LEC,16,102.285,10.0,1.0,30.64,43.006,28.639,292.0,202.0,235.0,246.0,False,HARD,10.0,True,Ferrari,0 days 00:33:06.197000,1,FP1,,,
LEC,16,91.351,11.0,1.0,29.378,36.899,25.074,290.0,264.0,233.0,306.0,False,HARD,11.0,True,Ferrari,0 days 00:34:48.482000,1,FP1,,,
LEC,16,91.001,14.0,2.0,29.059,36.845,25.097,296.0,267.0,235.0,314.0,True,HARD,14.0,False,Ferrari,0 days 00:44:31.453000,1,FP1,,,
LEC,16,92.333,17.0,3.0,29.425,37.259,25.649,286.0,256.0,253.0,298.0,False,HARD,17.0,False,Ferrari,0 days 00:50:08.891000,1,FP1,,,
LEC,16,92.288,18.0,3.0,29.722,36.954,25.612,285.0,259.0,253.0,296.0,False,HARD,18.0,False,Ferrari,0 days 00:51:41.224000,1,FP1,,,
LEC,16,92.965,19.0,3.0,29.892,37.301,25.772,285.0,258.0,253.0,294.0,False,HARD,19.0,False,Ferrari,0 days 00:53:13.512000,1,FP1,,,
LEC,16,92.445,20.0,3.0,29.627,37.236,25.582,289.0,255.0,254.0,301.0,False,HARD,20.0,False,Ferrari,0 days 00:54:46.477000,1,FP1,,,
LEC,16,90.039,23.0,4.0,28.747,36.471,24.821,290.0,267.0,234.0,309.0,True,SOFT,2.0,True,Ferrari,0 days 01:04:36.486000,1,FP1,,,
LEC,16,134.076,24.0,4.0,46.105,59.169,28.802,138.0,228.0,237.0,271.0,False,SOFT,3.0,True,Ferrari,0 days 01:06:06.525000,1,FP1,,,
LEC,16,89.859,25.0,4.0,28.743,36.405,24.711,291.0,267.0,235.0,307.0,True,SOFT,4.0,True,Ferrari,0 days 01:08:20.601000,1,FP1,,,
LEC,16,123.91,26.0,4.0,38.608,50.717,34.585,199.0,200.0,203.0,238.0,False,SOFT,5.0,True,Ferrari,0 days 01:09:50.460000,1,FP1,,,
LEC,16,107.404,27.0,4.0,34.57,44.234,28.6,244.0,232.0,236.0,275.0,False,SOFT,6.0,True,Ferrari,0 days 01:11:54.370000,1,FP1,,,
LEC,16,90.287,28.0,4.0,28.918,36.233,25.136,288.0,267.0,237.0,305.0,False,SOFT,7.0,True,Ferrari,0 days 01:13:41.774000,1,FP1,,,
LEC,16,133.295,29.0,4.0,41.411,52.469,39.415,197.0,200.0,32.0,218.0,False,SOFT,8.0,True,Ferrari,0 days 01:15:12.061000,1,FP1,,,
STR,18,98.716,2.0,1.0,31.651,40.373,26.692,275.0,252.0,243.0,296.0,True,HARD,2.0,True,Aston Martin,0 days 00:18:21.820000,1,FP1,,,
STR,18,96.367,3.0,1.0,30.643,39.546,26.178,273.0,258.0,248.0,295.0,True,HARD,3.0,True,Aston Martin,0 days 00:20:00.536000,1,FP1,,,
STR,18,139.59,4.0,1.0,43.409,54.099,42.082,92.0,197.0,229.0,241.0,False,HARD,4.0,True,Aston Martin,0 days 00:21:36.903000,1,FP1,,,
STR,18,95.271,5.0,1.0,29.988,38.8,26.483,283.0,252.0,211.0,288.0,True,HARD,5.0,True,Aston Martin,0 days 00:23:56.493000,1,FP1,,,
STR,18,95.058,8.0,2.0,29.944,38.93,26.184,284.0,256.0,222.0,289.0,True,HARD,8.0,False,Aston Martin,0 days 00:37:07.826000,1,FP1,,,
STR,18,123.508,9.0,2.0,42.015,48.861,32.632,200.0,225.0,230.0,241.0,False,HARD,9.0,False,Aston Martin,0 days 00:38:42.884000,1,FP1,,,
STR,18,94.789,10.0,2.0,29.841,38.723,26.225,287.0,257.0,221.0,290.0,True,HARD,10.0,False,Aston Martin,0 days 00:40:46.392000,1,FP1,,,
STR,18,93.389,13.0,3.0,29.432,37.994,25.963,289.0,257.0,221.0,294.0,True,SOFT,2.0,True,Aston Martin,0 days 00:49:56.893000,21,FP1,,,
STR,18,136.441,15.0,3.0,47.863,57.735,30.843,178.0,221.0,232.0,251.0,False,SOFT,4.0,True,Aston Martin,0 days 00:54:00.776000,1,FP1,,,
STR,18,93.842,16.0,3.0,29.593,38.316,25.933,287.0,255.0,218.0,293.0,False,SOFT,5.0,True,Aston Martin,0 days 00:56:17.217000,1,FP1,,,
STR,18,93.13,19.0,4.0,29.377,38.048,25.705,291.0,258.0,220.0,298.0,True,MEDIUM,2.0,True,Aston Martin,0 days 01:06:18.357000,1,FP1,,,
STR,18,147.819,20.0,4.0,45.644,59.655,42.52,72.0,132.0,232.0,110.0,False,MEDIUM,3.0,True,Aston Martin,0 days 01:07:51.487000,1,FP1,,,
STR,18,93.225,21.0,4.0,29.341,37.844,26.04,288.0,259.0,221.0,290.0,False,MEDIUM,4.0,True,Aston Martin,0 days 01:10:19.306000,1,FP1,,,
STR,18,143.037,22.0,4.0,52.734,58.865,31.438,116.0,162.0,234.0,252.0,False,MEDIUM,5.0,True,Aston Martin,0 days 01:11:52.531000,1,FP1,,,
STR,18,119.523,23.0,4.0,37.655,48.045,33.823,182.0,227.0,215.0,169.0,False,MEDIUM,6.0,True,Aston Martin,0 days 01:14:15.568000,1,FP1,,,
STR,18,123.432,25.0,4.0,36.4,44.867,42.165,230.0,236.0,35.0,231.0,False,MEDIUM,8.0,True,Aston Martin,0 days 01:19:13.811000,1,FP1,,,
ALB,23,95.37,2.0,1.0,30.429,38.464,26.477,290.0,250.0,234.0,288.0,True,HARD,2.0,True,Williams,0 days 00:18:36.345000,1,FP1,,,
ALB,23,132.231,3.0,1.0,44.648,48.972,38.611,202.0,228.0,232.0,264.0,False,HARD,3.0,True,Williams,0 days 00:20:11.715000,1,FP1,,,
ALB,23,94.545,4.0,1.0,30.076,38.18,26.289,290.0,252.0,237.0,290.0,True,HARD,4.0,True,Williams,0 days 00:22:23.946000,1,FP1,,,
ALB,23,120.404,7.0,2.0,41.214,49.169,30.021,161.0,218.0,236.0,257.0,False,HARD,7.0,False,Williams,0 days 00:28:34.789000,1,FP1,,,
ALB,23,93.729,8.0,2.0,29.477,38.145,26.107,303.0,255.0,239.0,289.0,True,HARD,8.0,False,Williams,0 days 00:30:35.193000,1,FP1,,,
ALB,23,122.764,9.0,2.0,43.854,50.109,28.801,220.0,217.0,233.0,274.0,False,HARD,9.0,False,Williams,0 days 00:32:08.922000,1,FP1,,,
ALB,23,93.627,10.0,2.0,29.56,37.809,26.258,305.0,248.0,238.0,287.0,True,HARD,10.0,False,Williams,0 days 00:34:11.686000,1,FP1,,,
ALB,23,93.163,13.0,3.0,29.269,37.875,26.019,303.0,252.0,238.0,288.0,True,HARD,13.0,False,Williams,0 days 00:40:07.346000,1,FP1,,,
ALB,23,127.476,14.0,3.0,43.516,55.037,28.923,178.0,232.0,232.0,281.0,False,HARD,14.0,False,Williams,0 days 00:41:40.509000,1,FP1,,,
ALB,23,93.07,15.0,3.0,29.317,37.703,26.05,297.0,254.0,233.0,291.0,True,HARD,15.0,False,Williams,0 days 00:43:47.985000,1,FP1,,,
ALB,23,94.166,17.0,3.0,29.735,38.147,26.284,296.0,255.0,251.0,292.0,False,HARD,17.0,False,Williams,0 days 00:47:52.107000,1,FP1,,,
ALB,23,94.797,18.0,3.0,30.1,38.302,26.395,299.0,255.0,250.0,289.0,False,HARD,18.0,False,Williams,0 days 00:49:26.273000,12,FP1,,,
ALB,23,95.089,19.0,3.0,29.885,38.386,26.818,299.0,251.0,246.0,292.0,False,HARD,19.0,False,Williams,0 days 00:51:01.070000,1,FP1,,,
ALB,23,94.932,20.0,3.0,30.084,38.488,26.36,303.0,251.0,249.0,297.0,False,HARD,20.0,False,Williams,0 days 00:52:36.159000,1,FP1,,,
ALB,23,91.697,23.0,4.0,28.887,37.073,25.737,304.0,254.0,242.0,292.0,True,SOFT,2.0,True,Williams,0 days 01:05:06.384000,1,FP1,,,
ALB,23,92.013,26.0,5.0,29.035,37.256,25.722,301.0,256.0,239.0,289.0,False,SOFT,5.0,False,Williams,0 days 01:11:26.205000,1,FP1,,,
ALB,23,131.928,27.0,5.0,43.139,53.797,34.992,225.0,181.0,247.0,156.0,False,SOFT,6.0,False,Williams,0 days 01:12:58.218000,1,FP1,,,
ALB,23,113.723,28.0,5.0,31.951,44.401,37.371,252.0,214.0,49.0,236.0,False,SOFT,7.0,False,Williams,0 days 01:15:10.146000,1,FP1,,,
ALB,23,142.493,29.0,5.0,56.216,48.666,37.611,279.0,197.0,35.0,290.0,False,SOFT,8.0,False,Williams,0 days 01:17:03.869000,1,FP1,,,
HUL,27,94.395,2.0,1.0,30.166,37.955,26.274,294.0,257.0,234.0,297.0,True,HARD,2.0,True,Audi,0 days 00:16:58.152000,1,FP1,,,
HUL,27,144.381,3.0,1.0,48.458,57.462,38.461,156.0,179.0,238.0,99.0,False,HARD,3.0,True,Audi,0 days 00:18:32.547000,1,FP1,,,
HUL,27,93.354,4.0,1.0,29.695,38.005,25.654,292.0,261.0,233.0,296.0,True,HARD,4.0,True,Audi,0 days 00:20:56.928000,1,FP1,,,
HUL,27,144.559,5.0,1.0,45.327,59.378,39.854,155.0,161.0,242.0,162.0,False,HARD,5.0,True,Audi,0 days 00:22:30.282000,1,FP1,,,
HUL,27,92.126,6.0,1.0,29.298,37.411,25.417,294.0,261.0,232.0,298.0,True,HARD,6.0,True,Audi,0 days 00:24:54.841000,1,FP1,,,
HUL,27,107.871,8.0,1.0,34.828,44.511,28.532,212.0,234.0,245.0,262.0,False,HARD,8.0,True,Audi,0 days 00:29:01.565000,1,FP1,,,
HUL,27,91.907,9.0,1.0,29.173,37.345,25.389,296.0,263.0,235.0,298.0,True,HARD,9.0,True,Audi,0 days 00:30:49.436000,1,FP1,,,
HUL,27,92.414,12.0,2.0,29.303,37.58,25.531,295.0,261.0,236.0,299.0,False,HARD,12.0,False,Audi,0 days 00:43:56.290000,1,FP1,,,
HUL,27,134.996,13.0,2.0,40.981,59.978,34.037,100.0,162.0,221.0,271.0,False,HARD,13.0,False,Audi,0 days 00:45:28.704000,1,FP1,,,
HUL,27,91.943,14.0,2.0,29.163,37.417,25.363,292.0,259.0,237.0,295.0,False,HARD,14.0,False,Audi,0 days 00:47:43.700000,1,FP1,,,
HUL,27,101.44,15.0,2.0,35.161,40.251,26.028,258.0,261.0,252.0,297.0,False,HARD,15.0,False,Audi,0 days 00:49:15.643000,12,FP1,,,
HUL,27,94.558,16.0,2.0,30.026,38.619,25.913,290.0,260.0,253.0,298.0,False,HARD,16.0,False,Audi,0 days 00:50:57.083000,1,FP1,,,
HUL,27,94.044,17.0,2.0,29.844,38.396,25.804,291.0,260.0,253.0,298.0,False,HARD,17.0,False,Audi,0 days 00:52:31.641000,1,FP1,,,
HUL,27,94.045,18.0,2.0,29.9,38.314,25.831,290.0,258.0,251.0,298.0,False,HARD,18.0,False,Audi,0 days 00:54:05.685000,1,FP1,,,
HUL,27,90.763,22.0,4.0,28.732,36.867,25.164,294.0,263.0,239.0,297.0,True,MEDIUM,2.0,True,Audi,0 days 01:07:24.814000,1,FP1,,,
HUL,27,119.473,23.0,4.0,40.192,48.309,30.972,215.0,213.0,198.0,246.0,False,MEDIUM,3.0,True,Audi,0 days 01:08:55.577000,1,FP1,,,
HUL,27,120.361,24.0,4.0,39.257,49.265,31.839,184.0,207.0,221.0,272.0,False,MEDIUM,4.0,True,Audi,0 days 01:10:55.050000,1,FP1,,,
HUL,27,90.743,25.0,4.0,28.947,36.619,25.177,294.0,263.0,238.0,298.0,True,MEDIUM,5.0,True,Audi,0 days 01:12:55.411000,1,FP1,,,
HUL,27,118.636,26.0,4.0,40.888,48.795,28.953,132.0,230.0,216.0,265.0,False,MEDIUM,6.0,True,Audi,0 days 01:14:26.154000,1,FP1,,,
HUL,27,137.339,27.0,4.0,39.547,50.544,47.248,184.0,201.0,48.0,220.0,False,MEDIUM,7.0,True,Audi,0 days 01:16:24.790000,1,FP1,,,
LAW,30,93.785,2.0,1.0,29.699,38.104,25.982,296.0,259.0,232.0,296.0,True,HARD,2.0,True,Racing Bulls,0 days 00:17:24.015000,1,FP1,,,
LAW,30,93.009,4.0,1.0,29.641,37.589,25.779,297.0,259.0,224.0,297.0,True,HARD,4.0,True,Racing Bulls,0 days 00:21:36.042000,1,FP1,,,
LAW,30,149.036,5.0,1.0,45.477,62.883,40.676,140.0,174.0,233.0,158.0,False,HARD,5.0,True,Racing Bulls,0 days 00:23:09.051000,1,FP1,,,
LAW,30,91.814,6.0,1.0,28.996,37.231,25.587,301.0,260.0,235.0,297.0,True,HARD,6.0,True,Racing Bulls,0 days 00:25:38.087000,1,FP1,,,
LAW,30,143.538,7.0,1.0,43.994,58.906,40.638,173.0,159.0,234.0,187.0,False,HARD,7.0,True,Racing Bulls,0 days 00:27:09.901000,1,FP1,,,
LAW,30,94.947,10.0,2.0,30.243,38.772,25.932,284.0,257.0,253.0,293.0,False,HARD,10.0,False,Racing Bulls,0 days 00:38:19,1,FP1,,,
LAW,30,94.149,11.0,2.0,29.746,38.531,25.872,288.0,258.0,252.0,298.0,False,HARD,11.0,False,Racing Bulls,0 days 00:39:53.947000,1,FP1,,,
LAW,30,94.205,12.0,2.0,29.899,38.407,25.899,288.0,258.0,253.0,297.0,False,HARD,12.0,False,Racing Bulls,0 days 00:41:28.096000,1,FP1,,,
LAW,30,94.132,13.0,2.0,29.811,38.504,25.817,288.0,255.0,252.0,325.0,False,HARD,13.0,False,Racing Bulls,0 days 00:43:02.301000,1,FP1,,,
LAW,30,94.843,14.0,2.0,30.111,38.801,25.931,288.0,254.0,254.0,300.0,False,HARD,14.0,False,Racing Bulls,0 days 00:44:36.433000,1,FP1,,,
LAW,30,94.771,15.0,2.0,29.931,38.734,26.106,289.0,256.0,251.0,300.0,False,HARD,15.0,False,Racing Bulls,0 days 00:46:11.276000,1,FP1,,,
LAW,30,121.671,18.0,3.0,36.486,57.64,27.545,202.0,207.0,246.0,288.0,False,MEDIUM,2.0,True,Racing Bulls,0 days 00:57:33.815000,1,FP1,,,
LAW,30,90.85,19.0,3.0,28.863,36.793,25.194,301.0,261.0,241.0,299.0,True,MEDIUM,3.0,True,Racing Bulls,0 days 00:59:35.486000,1,FP1,,,
LAW,30,140.366,20.0,3.0,41.327,69.409,29.63,165.0,186.0,245.0,258.0,False,MEDIUM,4.0,True,Racing Bulls,0 days 01:01:06.336000,1,FP1,,,
LAW,30,90.973,21.0,3.0,28.642,37.05,25.281,303.0,262.0,235.0,298.0,False,MEDIUM,5.0,True,Racing Bulls,0 days 01:03:26.702000,1,FP1,,,
LAW,30,91.221,24.0,4.0,28.884,37.005,25.332,304.0,261.0,238.0,298.0,False,MEDIUM,8.0,False,Racing Bulls,0 days 01:12:16.771000,1,FP1,,,
LAW,30,119.989,25.0,4.0,37.954,48.744,33.291,229.0,176.0,209.0,251.0,False,MEDIUM,9.0,False,Racing Bulls,0 days 01:13:47.992000,1,FP1,,,
LAW,30,121.163,26.0,4.0,35.639,45.636,39.888,235.0,227.0,67.0,262.0,False,MEDIUM,10.0,False,Racing Bulls,0 days 01:15:47.981000,1,FP1,,,
OCO,31,95.872,2.0,1.0,30.634,38.893,26.345,288.0,260.0,220.0,297.0,True,HARD,2.0,True,Haas F1 Team,0 days 00:18:03.217000,1,FP1,,,
OCO,31,146.618,3.0,1.0,45.329,59.994,41.295,151.0,175.0,218.0,152.0,False,HARD,3.0,True,Haas F1 Team,0 days 00:19:39.089000,1,FP1,,,
OCO,31,94.572,4.0,1.0,30.181,38.312,26.079,283.0,260.0,228.0,301.0,True,HARD,4.0,True,Haas F1 Team,0 days 00:22:05.707000,1,FP1,,,
OCO,31,93.03,6.0,1.0,29.441,37.611,25.978,289.0,264.0,229.0,302.0,True,HARD,6.0,True,Haas F1 Team,0 days 00:26:10.858000,1,FP1,,,
OCO,31,93.206,9.0,2.0,29.591,37.764,25.851,289.0,264.0,232.0,303.0,False,HARD,9.0,False,Haas F1 Team,0 days 00:32:31.356000,1,FP1,,,
OCO,31,94.812,12.0,3.0,30.279,38.297,26.236,283.0,259.0,250.0,295.0,False,HARD,12.0,False,Haas F1 Team,0 days 00:45:36.420000,1,FP1,,,
OCO,31,94.426,13.0,3.0,30.05,38.162,26.214,283.0,256.0,248.0,289.0,False,HARD,13.0,False,Haas F1 Team,0 days 00:47:11.232000,1,FP1,,,
OCO,31,97.609,14.0,3.0,30.287,40.068,27.254,284.0,229.0,250.0,284.0,False,HARD,14.0,False,Haas F1 Team,0 days 00:48:45.658000,12,FP1,,,
OCO,31,94.4,15.0,3.0,30.037,38.229,26.134,288.0,258.0,251.0,296.0,False,HARD,15.0,False,Haas F1 Team,0 days 00:50:23.267000,1,FP1,,,
OCO,31,94.396,16.0,3.0,29.939,38.29,26.167,297.0,258.0,250.0,291.0,False,HARD,16.0,False,Haas F1 Team,0 days 00:51:57.667000,1,FP1,,,
OCO,31,94.691,17.0,3.0,29.754,38.47,26.467,299.0,254.0,249.0,291.0,False,HARD,17.0,False,Haas F1 Team,0 days 00:53:32.063000,1,FP1,,,
OCO,31,91.821,20.0,4.0,29.053,37.332,25.436,287.0,263.0,238.0,296.0,True,SOFT,2.0,True,Haas F1 Team,0 days 01:04:59.713000,1,FP1,,,
OCO,31,148.479,21.0,4.0,45.873,62.668,39.938,143.0,164.0,165.0,170.0,False,SOFT,3.0,True,Haas F1 Team,0 days 01:06:31.534000,1,FP1,,,
OCO,31,123.699,22.0,4.0,46.325,48.252,29.122,169.0,234.0,234.0,261.0,False,SOFT,4.0,True,Haas F1 Team,0 days 01:09:00.013000,1,FP1,,,
OCO,31,91.684,23.0,4.0,29.173,37.058,25.453,292.0,264.0,232.0,298.0,True,SOFT,5.0,True,Haas F1 Team,0 days 01:11:03.712000,1,FP1,,,
OCO,31,126.366,25.0,4.0,42.449,47.293,36.624,200.0,224.0,48.0,269.0,False,SOFT,7.0,True,Haas F1 Team,0 days 01:15:05.609000,1,FP1,,,
LIN,41,94.712,2.0,1.0,29.775,38.69,26.247,296.0,258.0,221.0,297.0,True,HARD,2.0,True,Racing Bulls,0 days 00:17:04.912000,1,FP1,,,
LIN,41,128.938,3.0,1.0,42.868,52.653,33.417,194.0,188.0,236.0,202.0,False,HARD,3.0,True,Racing Bulls,0 days 00:18:39.624000,1,FP1,,,
LIN,41,93.075,4.0,1.0,29.419,37.732,25.924,297.0,259.0,231.0,296.0,True,HARD,4.0,True,Racing Bulls,0 days 00:20:48.562000,1,FP1,,,
LIN,41,145.877,5.0,1.0,43.49,64.115,38.272,161.0,189.0,243.0,121.0,False,HARD,5.0,True,Racing Bulls,0 days 00:22:21.637000,1,FP1,,,
LIN,41,92.373,6.0,1.0,29.136,37.394,25.843,302.0,260.0,238.0,297.0,True,HARD,6.0,True,Racing Bulls,0 days 00:24:47.514000,1,FP1,,,
LIN,41,142.883,7.0,1.0,45.174,66.034,31.675,144.0,175.0,242.0,206.0,False,HARD,7.0,True,Racing Bulls,0 days 00:26:19.887000,1,FP1,,,
LIN,41,92.506,8.0,1.0,29.236,37.43,25.84,299.0,262.0,237.0,296.0,False,HARD,8.0,True,Racing Bulls,0 days 00:28:42.770000,1,FP1,,,
LIN,41,92.163,10.0,1.0,29.029,37.372,25.762,301.0,261.0,237.0,297.0,True,HARD,10.0,True,Racing Bulls,0 days 00:32:53.812000,1,FP1,,,
LIN,41,95.163,13.0,2.0,30.115,38.833,26.215,290.0,258.0,250.0,298.0,False,HARD,13.0,False,Racing Bulls,0 days 00:40:28.309000,1,FP1,,,
LIN,41,94.749,14.0,2.0,30.06,38.618,26.071,290.0,259.0,249.0,298.0,False,HARD,14.0,False,Racing Bulls,0 days 00:42:03.472000,1,FP1,,,
LIN,41,95.043,15.0,2.0,30.172,38.736,26.135,287.0,259.0,251.0,298.0,False,HARD,15.0,False,Racing Bulls,0 days 00:43:38.221000,1,FP1,,,
LIN,41,94.463,16.0,2.0,29.88,38.588,25.995,287.0,257.0,252.0,300.0,False,HARD,16.0,False,Racing Bulls,0 days 00:45:13.264000,1,FP1,,,
LIN,41,94.647,17.0,2.0,29.982,38.565,26.1,288.0,256.0,251.0,296.0,False,HARD,17.0,False,Racing Bulls,0 days 00:46:47.727000,1,FP1,,,
LIN,41,95.038,18.0,2.0,30.183,38.701,26.154,285.0,257.0,246.0,312.0,False,HARD,18.0,False,Racing Bulls,0 days 00:48:22.374000,12,FP1,,,
LIN,41,91.877,21.0,3.0,28.987,37.203,25.687,299.0,260.0,230.0,295.0,True,MEDIUM,2.0,True,Racing Bulls,0 days 00:58:04.961000,1,FP1,,,
LIN,41,142.942,22.0,3.0,43.911,60.859,38.172,162.0,152.0,165.0,213.0,False,MEDIUM,3.0,True,Racing Bulls,0 days 00:59:36.838000,1,FP1,,,
LIN,41,120.748,23.0,3.0,40.635,50.411,29.702,227.0,220.0,245.0,230.0,False,MEDIUM,4.0,True,Racing Bulls,0 days 01:01:59.780000,1,FP1,,,
LIN,41,91.339,24.0,3.0,28.766,37.05,25.523,302.0,262.0,240.0,298.0,True,MEDIUM,5.0,True,Racing Bulls,0 days 01:04:00.528000,1,FP1,,,
LIN,41,110.042,27.0,4.0,29.502,51.354,29.186,218.0,238.0,244.0,283.0,False,MEDIUM,8.0,False,Racing Bulls,0 days 01:11:14.122000,1,FP1,,,
LIN,41,92.104,28.0,4.0,29.202,37.335,25.567,298.0,261.0,236.0,299.0,False,MEDIUM,9.0,False,Racing Bulls,0 days 01:13:04.164000,1,FP1,,,
LIN,41,125.105,29.0,4.0,36.64,53.066,35.399,223.0,175.0,179.0,217.0,False,MEDIUM,10.0,False,Racing Bulls,0 days 01:14:36.268000,1,FP1,,,
COL,43,95.306,2.0,1.0,30.076,38.659,26.571,305.0,253.0,228.0,297.0,True,HARD,2.0,True,Alpine,0 days 00:17:12.177000,1,FP1,,,
COL,43,95.634,4.0,1.0,30.096,38.609,26.929,292.0,233.0,231.0,293.0,False,HARD,4.0,True,Alpine,0 days 00:21:22.849000,1,FP1,,,
COL,43,140.932,5.0,1.0,46.1,58.956,35.876,189.0,220.0,237.0,247.0,False,HARD,5.0,True,Alpine,0 days 00:22:58.483000,1,FP1,,,
COL,43,113.907,6.0,1.0,32.766,48.884,32.257,188.0,197.0,243.0,205.0,False,HARD,6.0,True,Alpine,0 days 00:25:19.415000,1,FP1,,,
COL,43,93.612,7.0,1.0,29.514,37.828,26.27,292.0,258.0,233.0,295.0,True,HARD,7.0,True,Alpine,0 days 00:27:13.322000,1,FP1,,,
COL,43,97.336,11.0,3.0,29.672,40.711,26.953,308.0,253.0,249.0,299.0,False,HARD,11.0,False,Alpine,0 days 00:45:52.500000,1,FP1,,,
COL,43,93.774,12.0,3.0,29.872,38.111,25.791,296.0,258.0,252.0,297.0,False,HARD,12.0,False,Alpine,0 days 00:47:29.836000,1,FP1,,,
COL,43,93.928,13.0,3.0,29.791,37.949,26.188,294.0,256.0,252.0,294.0,False,HARD,13.0,False,Alpine,0 days 00:49:03.610000,12,FP1,,,
COL,43,93.408,14.0,3.0,29.66,37.812,25.936,294.0,254.0,254.0,296.0,True,HARD,14.0,False,Alpine,0 days 00:50:37.538000,1,FP1,,,
COL,43,93.72,15.0,3.0,29.858,37.9,25.962,294.0,257.0,251.0,299.0,False,HARD,15.0,False,Alpine,0 days 00:52:10.946000,1,FP1,,,
COL,43,93.997,16.0,3.0,29.709,38.237,26.051,306.0,256.0,249.0,304.0,False,HARD,16.0,False,Alpine,0 days 00:53:44.666000,1,FP1,,,
COL,43,93.655,17.0,3.0,29.69,38.047,25.918,299.0,256.0,252.0,299.0,False,HARD,17.0,False,Alpine,0 days 00:55:18.663000,1,FP1,,,
COL,43,91.076,20.0,4.0,28.792,36.959,25.325,314.0,261.0,238.0,300.0,True,MEDIUM,2.0,True,Alpine,0 days 01:04:47.877000,1,FP1,,,
COL,43,127.421,21.0,4.0,42.791,50.596,34.034,196.0,216.0,127.0,279.0,False,MEDIUM,3.0,True,Alpine,0 days 01:06:18.953000,1,FP1,,,
COL,43,128.638,22.0,4.0,50.675,48.594,29.369,259.0,208.0,250.0,250.0,False,MEDIUM,4.0,True,Alpine,0 days 01:08:26.374000,1,FP1,,,
COL,43,90.966,23.0,4.0,28.726,36.964,25.276,312.0,262.0,239.0,300.0,True,MEDIUM,5.0,True,Alpine,0 days 01:10:35.012000,1,FP1,,,
COL,43,114.523,26.0,5.0,33.094,41.305,40.124,278.0,243.0,69.0,282.0,False,HARD,20.0,False,Alpine,0 days 01:16:11.364000,1,FP1,,,
COL,43,145.207,27.0,5.0,57.191,42.296,45.72,286.0,195.0,72.0,271.0,False,HARD,21.0,False,Alpine,0 days 01:18:05.887000,1,FP1,,,
HAM,44,94.696,2.0,1.0,30.386,38.14,26.17,286.0,261.0,213.0,305.0,True,HARD,2.0,True,Ferrari,0 days 00:16:51.228000,1,FP1,,,
HAM,44,136.201,3.0,1.0,40.703,58.878,36.62,189.0,158.0,228.0,206.0,False,HARD,3.0,True,Ferrari,0 days 00:18:25.924000,1,FP1,,,
HAM,44,91.877,4.0,1.0,29.515,37.183,25.179,285.0,265.0,233.0,310.0,True,HARD,4.0,True,Ferrari,0 days 00:20:42.125000,1,FP1,,,
HAM,44,147.522,5.0,1.0,48.348,65.188,33.986,153.0,148.0,232.0,251.0,False,HARD,5.0,True,Ferrari,0 days 00:22:14.002000,1,FP1,,,
HAM,44,91.434,6.0,1.0,29.275,37.093,25.066,293.0,265.0,233.0,307.0,True,HARD,6.0,True,Ferrari,0 days 00:24:41.524000,1,FP1,,,
HAM,44,116.889,8.0,1.0,32.858,50.693,33.338,269.0,230.0,235.0,280.0,False,HARD,8.0,True,Ferrari,0 days 00:29:07.963000,1,FP1,,,
HAM,44,115.042,9.0,1.0,29.244,41.709,44.089,291.0,149.0,229.0,162.0,False,HARD,9.0,True,Ferrari,0 days 00:31:04.852000,1,FP1,,,
HAM,44,101.963,10.0,1.0,29.238,37.076,35.649,286.0,248.0,137.0,285.0,False,HARD,10.0,True,Ferrari,0 days 00:32:59.894000,1,FP1,,,
HAM,44,91.201,12.0,1.0,29.153,36.981,25.067,288.0,265.0,235.0,307.0,True,HARD,12.0,True,Ferrari,0 days 00:37:13.522000,1,FP1,,,
HAM,44,90.521,15.0,2.0,28.99,36.666,24.865,286.0,264.0,243.0,306.0,True,HARD,15.0,False,Ferrari,0 days 00:47:02.464000,1,FP1,,,
HAM,44,92.507,18.0,3.0,29.707,37.481,25.319,284.0,260.0,252.0,300.0,False,HARD,18.0,False,Ferrari,0 days 00:52:28.911000,1,FP1,,,
HAM,44,92.412,19.0,3.0,29.697,37.301,25.414,286.0,262.0,250.0,301.0,False,HARD,19.0,False,Ferrari,0 days 00:54:01.418000,1,FP1,,,
HAM,44,92.358,20.0,3.0,29.697,37.256,25.405,288.0,262.0,250.0,305.0,False,HARD,20.0,False,Ferrari,0 days 00:55:33.830000,1,FP1,,,
HAM,44,91.869,21.0,3.0,29.716,36.943,25.21,288.0,266.0,253.0,303.0,False,HARD,21.0,False,Ferrari,0 days 00:57:06.188000,1,FP1,,,
HAM,44,92.16,22.0,3.0,29.743,37.135,25.282,289.0,260.0,253.0,297.0,False,HARD,22.0,False,Ferrari,0 days 00:58:38.057000,1,FP1,,,
HAM,44,89.26,25.0,4.0,28.403,36.226,24.631,304.0,268.0,237.0,308.0,True,SOFT,2.0,True,Ferrari,0 days 01:07:01.046000,1,FP1,,,
HAM,44,120.248,27.0,4.0,39.268,46.642,34.338,267.0,235.0,236.0,285.0,False,SOFT,4.0,True,Ferrari,0 days 01:11:10.019000,1,FP1,,,
HAM,44,89.761,28.0,4.0,28.747,36.177,24.837,296.0,267.0,233.0,306.0,False,SOFT,5.0,True,Ferrari,0 days 01:13:10.267000,1,FP1,,,
HAM,44,104.998,29.0,4.0,41.657,37.694,25.647,265.0,266.0,239.0,316.0,False,SOFT,6.0,True,Ferrari,0 days 01:14:40.028000,1,FP1,,,
HAM,44,136.634,30.0,4.0,36.324,52.351,47.959,222.0,197.0,34.0,265.0,False,SOFT,7.0,True,Ferrari,0 days 01:16:25.026000,1,FP1,,,
SAI,55,96.998,2.0,1.0,31.722,38.868,26.408,286.0,253.0,235.0,288.0,True,HARD,2.0,True,Williams,0 days 00:18:41.048000,1,FP1,,,
SAI,55,129.795,3.0,1.0,39.978,50.517,39.3,193.0,163.0,233.0,193.0,True,HARD,3.0,True,Williams,0 days 00:20:18.046000,1,FP1,,,
SAI,55,95.003,4.0,1.0,30.337,38.324,26.342,291.0,253.0,235.0,291.0,True,HARD,4.0,True,Williams,0 days 00:22:27.841000,1,FP1,,,
SAI,55,93.72,7.0,2.0,29.708,37.988,26.024,289.0,257.0,238.0,292.0,True,HARD,7.0,False,Williams,0 days 00:28:47.929000,1,FP1,,,
SAI,55,123.341,8.0,2.0,39.926,50.079,33.336,206.0,232.0,239.0,279.0,False,HARD,8.0,False,Williams,0 days 00:30:21.649000,1,FP1,,,
SAI,55,93.202,9.0,2.0,29.484,37.792,25.926,303.0,256.0,236.0,291.0,True,HARD,9.0,False,Williams,0 days 00:32:24.990000,1,FP1,,,
SAI,55,117.007,10.0,2.0,40.499,48.544,27.964,192.0,219.0,238.0,279.0,False,HARD,10.0,False,Williams,0 days 00:33:58.192000,1,FP1,,,
SAI,55,107.098,11.0,2.0,30.29,48.336,28.472,230.0,213.0,237.0,273.0,False,HARD,11.0,False,Williams,0 days 00:35:55.199000,1,FP1,,,
SAI,55,92.977,12.0,2.0,29.272,37.903,25.802,298.0,256.0,238.0,290.0,True,HARD,12.0,False,Williams,0 days 00:37:42.297000,1,FP1,,,
SAI,55,93.133,15.0,3.0,29.371,37.772,25.99,303.0,257.0,237.0,294.0,False,HARD,15.0,False,Williams,0 days 00:43:11.277000,1,FP1,,,
SAI,55,115.66,16.0,3.0,40.179,47.735,27.746,205.0,233.0,238.0,279.0,False,HARD,16.0,False,Williams,0 days 00:44:44.410000,1,FP1,,,
SAI,55,93.101,17.0,3.0,29.498,37.842,25.761,302.0,257.0,237.0,292.0,False,HARD,17.0,False,Williams,0 days 00:46:40.070000,1,FP1,,,
SAI,55,119.473,18.0,3.0,44.15,47.034,28.289,227.0,229.0,248.0,276.0,False,HARD,18.0,False,Williams,0 days 00:48:13.171000,12,FP1,,,
SAI,55,94.363,19.0,3.0,29.757,38.387,26.219,298.0,255.0,248.0,295.0,False,HARD,19.0,False,Williams,0 days 00:50:12.644000,1,FP1,,,
SAI,55,94.31,20.0,3.0,29.935,38.159,26.216,296.0,255.0,250.0,292.0,False,HARD,20.0,False,Williams,0 days 00:51:47.007000,1,FP1,,,
SAI,55,94.353,21.0,3.0,29.905,38.258,26.19,299.0,255.0,250.0,292.0,False,HARD,21.0,False,Williams,0 days 00:53:21.317000,1,FP1,,,
SAI,55,94.056,22.0,3.0,29.767,38.224,26.065,294.0,255.0,250.0,295.0,False,HARD,22.0,False,Williams,0 days 00:54:55.670000,1,FP1,,,
SAI,55,91.684,25.0,4.0,28.961,37.285,25.438,301.0,258.0,241.0,292.0,True,SOFT,2.0,True,Williams,0 days 01:04:10.709000,1,FP1,,,
SAI,55,91.945,28.0,5.0,29.146,37.189,25.61,300.0,255.0,241.0,291.0,False,SOFT,5.0,False,Williams,0 days 01:09:56.346000,1,FP1,,,
SAI,55,111.034,31.0,6.0,31.072,40.999,38.963,269.0,235.0,87.0,265.0,False,HARD,25.0,False,Williams,0 days 01:15:57.882000,1,FP1,,,
SAI,55,147.363,32.0,6.0,64.878,41.808,40.677,290.0,203.0,62.0,237.0,False,HARD,26.0,False,Williams,0 days 01:17:48.916000,1,FP1,,,
RUS,63,106.188,2.0,1.0,30.09,46.273,29.825,276.0,230.0,237.0,268.0,True,HARD,2.0,True,Mercedes,0 days 00:18:49.991000,1,FP1,,,
RUS,63,92.539,3.0,1.0,29.371,37.238,25.93,294.0,252.0,237.0,286.0,True,HARD,3.0,True,Mercedes,0 days 00:20:36.179000,1,FP1,,,
RUS,63,142.354,4.0,1.0,48.938,64.577,28.839,153.0,207.0,236.0,262.0,False,HARD,4.0,True,Mercedes,0 days 00:22:08.718000,1,FP1,,,
RUS,63,91.822,5.0,1.0,29.131,36.906,25.785,295.0,251.0,238.0,285.0,True,HARD,5.0,True,Mercedes,0 days 00:24:31.072000,1,FP1,,,
RUS,63,145.629,6.0,1.0,50.97,66.047,28.612,206.0,216.0,233.0,272.0,False,HARD,6.0,True,Mercedes,0 days 00:26:02.894000,1,FP1,,,
RUS,63,90.986,9.0,2.0,28.834,36.748,25.404,294.0,262.0,242.0,293.0,True,HARD,9.0,False,Mercedes,0 days 00:32:19.086000,1,FP1,,,
RUS,63,93.264,12.0,3.0,29.582,37.77,25.912,298.0,258.0,252.0,294.0,False,HARD,12.0,False,Mercedes,0 days 00:41:43.684000,1,FP1,,,
RUS,63,93.084,13.0,3.0,29.682,37.612,25.79,300.0,259.0,253.0,300.0,False,HARD,13.0,False,Mercedes,0 days 00:43:16.948000,1,FP1,,,
RUS,63,93.236,14.0,3.0,29.724,37.797,25.715,297.0,257.0,253.0,298.0,False,HARD,14.0,False,Mercedes,0 days 00:44:50.032000,1,FP1,,,
RUS,63,92.799,15.0,3.0,29.575,37.593,25.631,298.0,259.0,255.0,299.0,False,HARD,15.0,False,Mercedes,0 days 00:46:23.268000,1,FP1,,,
RUS,63,92.597,16.0,3.0,29.433,37.397,25.767,298.0,260.0,251.0,299.0,False,HARD,16.0,False,Mercedes,0 days 00:47:56.067000,1,FP1,,,
RUS,63,93.134,17.0,3.0,29.721,37.385,26.028,302.0,259.0,250.0,302.0,False,HARD,17.0,False,Mercedes,0 days 00:49:28.664000,12,FP1,,,
RUS,63,93.454,18.0,3.0,29.844,38.056,25.554,306.0,266.0,241.0,324.0,False,HARD,18.0,False,Mercedes,0 days 00:51:01.798000,1,FP1,,,
RUS,63,94.217,19.0,3.0,30.322,38.017,25.878,302.0,256.0,251.0,298.0,False,HARD,19.0,False,Mercedes,0 days 00:52:35.252000,1,FP1,,,
RUS,63,92.991,20.0,3.0,29.813,37.49,25.688,300.0,260.0,253.0,298.0,False,HARD,20.0,False,Mercedes,0 days 00:54:09.469000,1,FP1,,,
RUS,63,89.938,23.0,4.0,28.447,36.413,25.078,298.0,263.0,244.0,298.0,True,SOFT,2.0,True,Mercedes,0 days 01:03:32.309000,1,FP1,,,
RUS,63,120.202,25.0,4.0,41.81,50.736,27.656,255.0,230.0,241.0,277.0,False,SOFT,4.0,True,Mercedes,0 days 01:07:45,1,FP1,,,
RUS,63,90.239,26.0,4.0,28.615,36.443,25.181,294.0,262.0,236.0,295.0,False,SOFT,5.0,True,Mercedes,0 days 01:09:45.202000,1,FP1,,,
RUS,63,113.484,29.0,5.0,32.341,42.851,38.292,244.0,245.0,65.0,255.0,False,HARD,23.0,False,Mercedes,0 days 01:15:51.796000,1,FP1,,,
RUS,63,145.241,30.0,5.0,61.703,44.375,39.163,280.0,240.0,64.0,264.0,False,HARD,24.0,False,Mercedes,0 days 01:17:45.280000,1,FP1,,,
BOT,77,97.573,2.0,1.0,31.009,39.599,26.965,282.0,256.0,207.0,304.0,True,HARD,2.0,True,Cadillac,0 days 00:18:14.935000,1,FP1,,,
BOT,77,144.615,3.0,1.0,47.296,56.541,40.778,209.0,179.0,228.0,279.0,False,HARD,3.0,True,Cadillac,0 days 00:19:52.508000,1,FP1,,,
BOT,77,95.605,4.0,1.0,30.206,38.906,26.493,288.0,258.0,217.0,309.0,True,HARD,4.0,True,Cadillac,0 days 00:22:17.123000,1,FP1,,,
BOT,77,149.677,5.0,1.0,53.947,59.986,35.744,125.0,161.0,230.0,259.0,False,HARD,5.0,True,Cadillac,0 days 00:23:52.728000,1,FP1,,,
BOT,77,94.714,6.0,1.0,29.936,38.629,26.149,293.0,259.0,227.0,300.0,True,HARD,6.0,True,Cadillac,0 days 00:26:22.405000,1,FP1,,,
BOT,77,109.436,7.0,1.0,36.992,45.343,27.101,275.0,252.0,238.0,319.0,False,HARD,7.0,True,Cadillac,0 days 00:27:57.119000,1,FP1,,,
BOT,77,97.03,8.0,1.0,30.557,39.634,26.839,283.0,255.0,244.0,294.0,False,HARD,8.0,True,Cadillac,0 days 00:29:46.555000,1,FP1,,,
BOT,77,96.804,9.0,1.0,30.288,39.597,26.919,287.0,254.0,248.0,290.0,False,HARD,9.0,True,Cadillac,0 days 00:31:23.585000,1,FP1,,,
BOT,77,96.19,10.0,1.0,30.288,39.255,26.647,288.0,255.0,243.0,292.0,False,HARD,10.0,True,Cadillac,0 days 00:33:00.389000,1,FP1,,,
BOT,77,95.969,11.0,1.0,30.169,39.111,26.689,300.0,252.0,243.0,294.0,False,HARD,11.0,True,Cadillac,0 days 00:34:36.579000,1,FP1,,,
BOT,77,95.737,12.0,1.0,30.06,39.283,26.394,303.0,255.0,248.0,290.0,False,HARD,12.0,True,Cadillac,0 days 00:36:12.548000,1,FP1,,,
BOT,77,95.466,13.0,1.0,30.077,38.942,26.447,286.0,253.0,250.0,295.0,False,HARD,13.0,True,Cadillac,0 days 00:37:48.285000,1,FP1,,,
BOT,77,92.236,16.0,2.0,29.334,37.537,25.365,294.0,262.0,236.0,304.0,True,SOFT,2.0,True,Cadillac,0 days 00:59:02.852000,1,FP1,,,
BOT,77,92.15,19.0,3.0,29.192,37.452,25.506,299.0,262.0,236.0,304.0,True,MEDIUM,2.0,True,Cadillac,0 days 01:13:43.949000,1,FP1,,,
BOT,77,134.331,20.0,3.0,44.491,48.898,40.942,238.0,202.0,53.0,207.0,False,MEDIUM,3.0,True,Cadillac,0 days 01:15:16.099000,1,FP1,,,
PIA,81,92.873,2.0,1.0,29.376,37.604,25.893,306.0,263.0,233.0,301.0,True,HARD,2.0,True,McLaren,0 days 00:17:58.095000,1,FP1,,,
PIA,81,147.158,3.0,1.0,43.693,55.486,47.979,166.0,163.0,242.0,126.0,False,HARD,3.0,True,McLaren,0 days 00:19:30.968000,1,FP1,,,
PIA,81,91.819,4.0,1.0,29.164,37.197,25.458,305.0,259.0,235.0,293.0,True,HARD,4.0,True,McLaren,0 days 00:21:58.126000,1,FP1,,,
PIA,81,137.535,5.0,1.0,44.358,58.438,34.739,189.0,191.0,244.0,148.0,False,HARD,5.0,True,McLaren,0 days 00:23:29.945000,1,FP1,,,
PIA,81,91.314,6.0,1.0,28.909,36.913,25.492,308.0,262.0,233.0,295.0,True,HARD,6.0,True,McLaren,0 days 00:25:47.480000,1,FP1,,,
PIA,81,143.399,7.0,1.0,41.982,54.144,47.273,178.0,175.0,245.0,132.0,False,HARD,7.0,True,McLaren,0 days 00:27:18.794000,1,FP1,,,
PIA,81,91.436,10.0,2.0,29.092,36.917,25.427,305.0,263.0,235.0,298.0,False,HARD,10.0,False,McLaren,0 days 00:42:28.578000,1,FP1,,,
PIA,81,100.976,11.0,2.0,33.781,41.451,25.744,259.0,261.0,249.0,305.0,False,HARD,11.0,False,McLaren,0 days 00:44:00.014000,1,FP1,,,
PIA,81,92.654,12.0,2.0,29.198,37.625,25.831,304.0,257.0,254.0,299.0,False,HARD,12.0,False,McLaren,0 days 00:45:40.990000,1,FP1,,,
PIA,81,92.878,13.0,2.0,29.524,37.481,25.873,303.0,259.0,252.0,302.0,False,HARD,13.0,False,McLaren,0 days 00:47:13.644000,1,FP1,,,
PIA,81,90.147,16.0,3.0,28.512,36.531,25.104,306.0,265.0,236.0,300.0,True,SOFT,2.0,True,McLaren,0 days 01:02:56.877000,1,FP1,,,
PIA,81,135.362,17.0,3.0,41.603,56.0,37.759,189.0,202.0,168.0,224.0,False,SOFT,3.0,True,McLaren,0 days 01:04:27.024000,1,FP1,,,
PIA,81,110.77,18.0,3.0,36.627,45.175,28.968,266.0,233.0,248.0,264.0,False,SOFT,4.0,True,McLaren,0 days 01:06:42.386000,1,FP1,,,
PIA,81,90.457,19.0,3.0,28.655,36.628,25.174,304.0,262.0,236.0,297.0,False,SOFT,5.0,True,McLaren,0 days 01:08:33.156000,1,FP1,,,
PIA,81,90.329,22.0,4.0,28.762,36.448,25.119,304.0,263.0,239.0,301.0,False,SOFT,8.0,False,McLaren,0 days 01:14:29.394000,1,FP1,,,
PIA,81,141.859,23.0,4.0,38.851,55.926,47.082,241.0,164.0,68.0,201.0,False,SOFT,9.0,False,McLaren,0 days 01:15:59.723000,1,FP1,,,
BEA,87,95.523,2.0,1.0,30.863,38.575,26.085,280.0,260.0,221.0,297.0,True,HARD,2.0,True,Haas F1 Team,0 days 00:18:08.416000,1,FP1,,,
BEA,87,147.026,3.0,1.0,50.717,53.634,42.675,246.0,222.0,228.0,204.0,False,HARD,3.0,True,Haas F1 Team,0 days 00:19:43.939000,1,FP1,,,
BEA,87,93.723,4.0,1.0,29.982,37.919,25.822,283.0,263.0,229.0,306.0,True,HARD,4.0,True,Haas F1 Team,0 days 00:22:10.965000,1,FP1,,,
BEA,87,92.793,6.0,1.0,29.395,37.416,25.982,292.0,263.0,228.0,301.0,True,HARD,6.0,True,Haas F1 Team,0 days 00:26:16.736000,1,FP1,,,
BEA,87,92.709,8.0,1.0,29.626,37.628,25.455,292.0,263.0,234.0,299.0,True,HARD,8.0,True,Haas F1 Team,0 days 00:30:20.089000,1,FP1,,,
BEA,87,94.833,11.0,2.0,30.244,38.318,26.271,284.0,257.0,249.0,291.0,False,HARD,11.0,False,Haas F1 Team,0 days 00:40:23.718000,1,FP1,,,
BEA,87,94.716,12.0,2.0,30.06,38.344,26.312,283.0,258.0,249.0,292.0,False,HARD,12.0,False,Haas F1 Team,0 days 00:41:58.551000,1,FP1,,,
BEA,87,94.314,13.0,2.0,30.02,38.09,26.204,285.0,259.0,250.0,297.0,False,HARD,13.0,False,Haas F1 Team,0 days 00:43:33.267000,1,FP1,,,
BEA,87,94.497,14.0,2.0,29.929,38.212,26.356,288.0,255.0,249.0,295.0,False,HARD,14.0,False,Haas F1 Team,0 days 00:45:07.581000,1,FP1,,,
BEA,87,94.198,15.0,2.0,29.825,38.226,26.147,294.0,261.0,249.0,296.0,False,HARD,15.0,False,Haas F1 Team,0 days 00:46:42.078000,1,FP1,,,
BEA,87,95.375,16.0,2.0,30.75,38.387,26.238,286.0,259.0,250.0,293.0,False,HARD,16.0,False,Haas F1 Team,0 days 00:48:16.276000,1,FP1,,,
BEA,87,94.288,17.0,2.0,30.078,38.088,26.122,286.0,258.0,247.0,294.0,False,HARD,17.0,False,Haas F1 Team,0 days 00:49:51.651000,12,FP1,,,
BEA,87,91.709,20.0,3.0,29.13,37.234,25.345,293.0,263.0,236.0,299.0,True,SOFT,2.0,True,Haas F1 Team,0 days 01:05:14.194000,1,FP1,,,
BEA,87,91.373,23.0,4.0,29.179,36.822,25.372,297.0,263.0,240.0,295.0,True,SOFT,5.0,False,Haas F1 Team,0 days 01:12:46.470000,1,FP1,,,
BEA,87,122.218,24.0,4.0,46.734,46.37,29.114,133.0,221.0,197.0,280.0,False,SOFT,6.0,False,Haas F1 Team,0 days 01:14:17.843000,1,FP1,,,
BEA,87,123.025,25.0,4.0,38.725,43.185,41.115,236.0,245.0,61.0,257.0,False,SOFT,7.0,False,Haas F1 Team,0 days 01:16:20.061000,1,FP1,,,
BEA,87,145.204,26.0,4.0,59.745,41.595,43.864,284.0,259.0,70.0,203.0,False,SOFT,8.0,False,Haas F1 Team,0 days 01:18:23.086000,1,FP1,,,
